experiment,day,mouse,tx,cdiffstrain,absweight,relweight,diarrhea,cdiffcfu,death
ks52,0,1,4mnvc,st1.2,20.1,100,0,0,0
ks52,0,2,4mnvc,st1.2,19.1,100,0,0,0
ks52,0,3,4mnvc,st1.2,20.9,100,0,0,0
ks52,0,4,4mnvc,st1.2.vpi,17.5,100,0,0,0
ks52,0,5,4mnvc,st1.2.vpi,19.7,100,0,0,0
ks52,0,6,4mnvc,st1.2.vpi,19,100,0,0,0
ks52,0,7,4mnvc,st1.11,17.4,100,0,0,0
ks52,0,8,4mnvc,st1.11,20.1,100,0,0,0
ks52,0,9,4mnvc,st1.11,18,100,0,0,0
ks52,0,10,4mnvc,st1.11.vpi,18.4,100,0,0,0
ks52,0,11,4mnvc,st1.11.vpi,15.9,100,0,0,0
ks52,0,12,4mnvc,st1.11.vpi,19.3,100,0,0,0
ks52,0,13,4mnvc,st1.65,18.9,100,0,0,0
ks52,0,14,4mnvc,st1.65,20.8,100,0,0,0
ks52,0,15,4mnvc,st1.65,20,100,0,0,0
ks52,0,16,4mnvc,st1.65.vpi,18.7,100,0,0,0
ks52,0,17,4mnvc,st1.65.vpi,19,100,0,0,0
ks52,0,18,4mnvc,st1.65.vpi,18.6,100,0,0,0
ks52,0,19,4mnvc,st1.68,19.7,100,0,0,0
ks52,0,20,4mnvc,st1.68,21.2,100,0,0,0
ks52,0,21,4mnvc,st1.68,18.7,100,0,0,0
ks52,0,22,4mnvc,st1.68.vpi,18.4,100,0,0,0
ks52,0,23,4mnvc,st1.68.vpi,19.8,100,0,0,0
ks52,0,24,4mnvc,st1.68.vpi,20.1,100,0,0,0
ks52,0,25,4mnvc,st1.75.vpi,19.9,100,0,0,0
ks52,0,26,4mnvc,st1.75.vpi,17.5,100,0,0,0
ks52,0,27,4mnvc,st1.75.vpi,17,100,0,0,0
ks52,0,28,4mnvc,vpi,18.4,100,0,0,0
ks52,0,29,4mnvc,vpi,20,100,0,0,0
ks52,0,30,4mnvc,vpi,21,100,0,0,0
ks52,0,31,4mnvc,vpi,18.7,100,0,0,0
ks52,0,32,4mnvc,ui,18.2,100,0,0,0
ks52,1,1,4mnvc,st1.2,20.3,100.9950249,0,85937500,0
ks52,1,2,4mnvc,st1.2,19.3,101.0471204,0,25961538.46,0
ks52,1,3,4mnvc,st1.2,20.6,98.5645933,0,60204081.63,0
ks52,1,4,4mnvc,st1.2.vpi,18.6,106.2857143,0,224576271.2,0
ks52,1,5,4mnvc,st1.2.vpi,20.2,102.5380711,0,35000000,0
ks52,1,6,4mnvc,st1.2.vpi,18.9,99.47368421,0,474576.2712,0
ks52,1,7,4mnvc,st1.11,17.7,101.7241379,0,580645.1613,0
ks52,1,8,4mnvc,st1.11,18.4,91.54228856,0,425000,0
ks52,1,9,4mnvc,st1.11,18.4,102.2222222,0,5732758.621,0
ks52,1,10,4mnvc,st1.11.vpi,18.9,102.7173913,0,87857142.86,0
ks52,1,11,4mnvc,st1.11.vpi,15.8,99.37106918,0,0,0
ks52,1,12,4mnvc,st1.11.vpi,19.1,98.96373057,0,175000000,0
ks52,1,13,4mnvc,st1.65,18.3,96.82539683,0,144736842.1,0
ks52,1,14,4mnvc,st1.65,21.1,101.4423077,0,96491228.07,0
ks52,1,15,4mnvc,st1.65,21.3,106.5,0,33823529.41,0
ks52,1,16,4mnvc,st1.65.vpi,20,106.9518717,0,79444444.44,0
ks52,1,17,4mnvc,st1.65.vpi,20,105.2631579,0,9677419.355,0
ks52,1,18,4mnvc,st1.65.vpi,18.6,100,0,58333333.33,0
ks52,1,19,4mnvc,st1.68,21,106.5989848,0,23913043.48,0
ks52,1,20,4mnvc,st1.68,21.5,101.4150943,0,56854.83871,0
ks52,1,21,4mnvc,st1.68,19.2,102.6737968,0,20312500,0
ks52,1,22,4mnvc,st1.68.vpi,18.1,98.36956522,0,15666666.67,0
ks52,1,23,4mnvc,st1.68.vpi,19.6,98.98989899,0,13000000,0
ks52,1,24,4mnvc,st1.68.vpi,18.8,93.53233831,0,2000,0
ks52,1,25,4mnvc,st1.75.vpi,20.2,101.5075377,0,44696969.7,0
ks52,1,26,4mnvc,st1.75.vpi,17.5,100,0,200000,0
ks52,1,27,4mnvc,st1.75.vpi,18,105.8823529,0,98360655.74,0
ks52,1,28,4mnvc,vpi,17,92.39130435,0,0,0
ks52,1,29,4mnvc,vpi,20.2,101,0,292452.8302,0
ks52,1,30,4mnvc,vpi,21.1,100.4761905,0,375000,0
ks52,1,31,4mnvc,vpi,18.4,98.39572193,0,2272.727273,0
ks52,1,32,4mnvc,ui,18.9,103.8461538,0,0,0
ks52,2,1,4mnvc,st1.2,15.9,79.10447761,1,,0
ks52,2,2,4mnvc,st1.2,17.1,89.52879581,1,,0
ks52,2,3,4mnvc,st1.2,16.8,80.38277512,1,,0
ks52,2,4,4mnvc,st1.2.vpi,14.2,81.14285714,1,,0
ks52,2,5,4mnvc,st1.2.vpi,18.2,92.3857868,1,,0
ks52,2,6,4mnvc,st1.2.vpi,15.9,83.68421053,1,,0
ks52,2,7,4mnvc,st1.11,15.8,90.8045977,1,,0
ks52,2,8,4mnvc,st1.11,18.3,91.04477612,0,,0
ks52,2,9,4mnvc,st1.11,18.4,102.2222222,0,,0
ks52,2,10,4mnvc,st1.11.vpi,18.5,100.5434783,0,,0
ks52,2,11,4mnvc,st1.11.vpi,16,100.6289308,0,,0
ks52,2,12,4mnvc,st1.11.vpi,15.9,82.38341969,1,,0
ks52,2,13,4mnvc,st1.65,16.4,86.77248677,1,,0
ks52,2,14,4mnvc,st1.65,17.8,85.57692308,1,,0
ks52,2,15,4mnvc,st1.65,20,100,0,,0
ks52,2,16,4mnvc,st1.65.vpi,17.9,95.72192513,0,,0
ks52,2,17,4mnvc,st1.65.vpi,17.4,91.57894737,1,,0
ks52,2,18,4mnvc,st1.65.vpi,16.9,90.86021505,0,,0
ks52,2,19,4mnvc,st1.68,20.5,104.0609137,0,,0
ks52,2,20,4mnvc,st1.68,21.4,100.9433962,0,,0
ks52,2,21,4mnvc,st1.68,19,101.6042781,0,,0
ks52,2,22,4mnvc,st1.68.vpi,15.4,83.69565217,1,,0
ks52,2,23,4mnvc,st1.68.vpi,16.5,83.33333333,1,,0
ks52,2,24,4mnvc,st1.68.vpi,18.3,91.04477612,1,,0
ks52,2,25,4mnvc,st1.75.vpi,19.6,98.49246231,0,,0
ks52,2,26,4mnvc,st1.75.vpi,18,102.8571429,0,,0
ks52,2,27,4mnvc,st1.75.vpi,17.7,104.1176471,0,,0
ks52,2,28,4mnvc,vpi,18.3,99.45652174,0,,0
ks52,2,29,4mnvc,vpi,17,85,1,,0
ks52,2,30,4mnvc,vpi,18.6,88.57142857,1,,0
ks52,2,31,4mnvc,vpi,17.1,91.44385027,1,,0
ks52,2,32,4mnvc,ui,19.3,106.043956,0,,0
ks52,3,1,4mnvc,st1.2,17.2,85.5721393,1,,0
ks52,3,2,4mnvc,st1.2,16.1,84.29319372,1,,0
ks52,3,3,4mnvc,st1.2,15.6,74.64114833,1,,0
ks52,3,4,4mnvc,st1.2.vpi,16.3,93.14285714,1,,0
ks52,3,5,4mnvc,st1.2.vpi,17.1,86.80203046,1,,0
ks52,3,6,4mnvc,st1.2.vpi,15.2,80,1,,0
ks52,3,7,4mnvc,st1.11,16.4,94.25287356,1,,0
ks52,3,8,4mnvc,st1.11,16.7,83.08457711,1,,0
ks52,3,9,4mnvc,st1.11,16.2,90,1,,0
ks52,3,10,4mnvc,st1.11.vpi,16.6,90.2173913,1,,0
ks52,3,11,4mnvc,st1.11.vpi,15.4,96.85534591,0,,0
ks52,3,12,4mnvc,st1.11.vpi,17.3,89.6373057,1,,0
ks52,3,13,4mnvc,st1.65,14.8,78.30687831,1,,0
ks52,3,14,4mnvc,st1.65,18.2,87.5,1,,0
ks52,3,15,4mnvc,st1.65,18.3,91.5,1,,0
ks52,3,16,4mnvc,st1.65.vpi,16.8,89.83957219,1,,0
ks52,3,17,4mnvc,st1.65.vpi,16.9,88.94736842,1,,0
ks52,3,18,4mnvc,st1.65.vpi,16.3,87.6344086,1,,0
ks52,3,19,4mnvc,st1.68,20.7,105.0761421,0,,0
ks52,3,20,4mnvc,st1.68,21.6,101.8867925,0,,0
ks52,3,21,4mnvc,st1.68,16.5,88.23529412,1,,0
ks52,3,22,4mnvc,st1.68.vpi,16.3,88.58695652,1,,0
ks52,3,23,4mnvc,st1.68.vpi,,,,,1
ks52,3,24,4mnvc,st1.68.vpi,16.2,80.59701493,1,,0
ks52,3,25,4mnvc,st1.75.vpi,20.3,102.0100503,0,,0
ks52,3,26,4mnvc,st1.75.vpi,18.5,105.7142857,0,,0
ks52,3,27,4mnvc,st1.75.vpi,18.3,107.6470588,0,,0
ks52,3,28,4mnvc,vpi,16.3,88.58695652,1,,0
ks52,3,29,4mnvc,vpi,17.6,88,1,,0
ks52,3,30,4mnvc,vpi,,,,,1
ks52,3,31,4mnvc,vpi,14.9,79.67914439,1,,0
ks52,3,32,4mnvc,ui,19,104.3956044,0,,0
ks52,4,1,4mnvc,st1.2,18.7,93.03482587,1,,0
ks52,4,2,4mnvc,st1.2,16.1,84.29319372,1,,0
ks52,4,3,4mnvc,st1.2,15.7,75.11961722,1,,0
ks52,4,4,4mnvc,st1.2.vpi,16.6,94.85714286,1,,0
ks52,4,5,4mnvc,st1.2.vpi,16.5,83.75634518,1,,0
ks52,4,6,4mnvc,st1.2.vpi,15.7,82.63157895,1,,0
ks52,4,7,4mnvc,st1.11,15.3,87.93103448,1,,0
ks52,4,8,4mnvc,st1.11,17.3,86.06965174,1,,0
ks52,4,9,4mnvc,st1.11,15.9,88.33333333,1,,0
ks52,4,10,4mnvc,st1.11.vpi,14.8,80.43478261,1,,0
ks52,4,11,4mnvc,st1.11.vpi,14.1,88.67924528,1,,0
ks52,4,12,4mnvc,st1.11.vpi,17.3,89.6373057,1,,0
ks52,4,13,4mnvc,st1.65,14.8,78.30687831,1,,0
ks52,4,14,4mnvc,st1.65,18.7,89.90384615,1,,0
ks52,4,15,4mnvc,st1.65,18.8,94,1,,0
ks52,4,16,4mnvc,st1.65.vpi,16.5,88.23529412,1,,0
ks52,4,17,4mnvc,st1.65.vpi,17.5,92.10526316,1,,0
ks52,4,18,4mnvc,st1.65.vpi,16.8,90.32258065,1,,0
ks52,4,19,4mnvc,st1.68,19.9,101.0152284,0,,0
ks52,4,20,4mnvc,st1.68,21.1,99.52830189,0,,0
ks52,4,21,4mnvc,st1.68,17.6,94.11764706,1,,0
ks52,4,22,4mnvc,st1.68.vpi,17.2,93.47826087,1,,0
ks52,4,24,4mnvc,st1.68.vpi,15.8,78.60696517,1,,0
ks52,4,25,4mnvc,st1.75.vpi,20.7,104.0201005,0,,0
ks52,4,26,4mnvc,st1.75.vpi,18.5,105.7142857,0,,0
ks52,4,27,4mnvc,st1.75.vpi,18,105.8823529,0,,0
ks52,4,28,4mnvc,vpi,,,,,1
ks52,4,29,4mnvc,vpi,16.9,84.5,1,,0
ks52,4,31,4mnvc,vpi,,,,,1
ks52,4,32,4mnvc,ui,18.4,101.0989011,0,,0
ks52,5,1,4mnvc,st1.2,18.4,91.54228856,1,,0
ks52,5,2,4mnvc,st1.2,16.3,85.34031414,1,,0
ks52,5,3,4mnvc,st1.2,15.2,72.72727273,1,,0
ks52,5,4,4mnvc,st1.2.vpi,16.8,96,1,,0
ks52,5,5,4mnvc,st1.2.vpi,16.6,84.26395939,1,,0
ks52,5,6,4mnvc,st1.2.vpi,,,,,1
ks52,5,7,4mnvc,st1.11,15.2,87.35632184,1,,0
ks52,5,8,4mnvc,st1.11,17.1,85.07462687,1,,0
ks52,5,9,4mnvc,st1.11,16,88.88888889,1,,0
ks52,5,10,4mnvc,st1.11.vpi,14.1,76.63043478,1,,0
ks52,5,11,4mnvc,st1.11.vpi,14.8,93.08176101,1,,0
ks52,5,12,4mnvc,st1.11.vpi,16.1,83.41968912,1,,0
ks52,5,13,4mnvc,st1.65,14.5,76.71957672,1,,0
ks52,5,14,4mnvc,st1.65,17.5,84.13461538,1,,0
ks52,5,15,4mnvc,st1.65,17.6,88,1,,0
ks52,5,16,4mnvc,st1.65.vpi,15.6,83.42245989,1,,0
ks52,5,17,4mnvc,st1.65.vpi,18.2,95.78947368,0,,0
ks52,5,18,4mnvc,st1.65.vpi,16.2,87.09677419,1,,0
ks52,5,19,4mnvc,st1.68,19.5,98.98477157,0,,0
ks52,5,20,4mnvc,st1.68,21.5,101.4150943,0,,0
ks52,5,21,4mnvc,st1.68,17.8,95.18716578,1,,0
ks52,5,22,4mnvc,st1.68.vpi,17.3,94.02173913,1,,0
ks52,5,24,4mnvc,st1.68.vpi,17.2,85.5721393,0,,0
ks52,5,25,4mnvc,st1.75.vpi,21.3,107.0351759,0,,0
ks52,5,26,4mnvc,st1.75.vpi,18.9,108,0,,0
ks52,5,27,4mnvc,st1.75.vpi,17.4,102.3529412,1,,0
ks52,5,29,4mnvc,vpi,16.4,82,1,,0
ks52,5,32,4mnvc,ui,18.2,100,0,,0
ks52,6,1,4mnvc,st1.2,18.5,92.039801,1,,0
ks52,6,2,4mnvc,st1.2,16.6,86.91099476,1,,0
ks52,6,3,4mnvc,st1.2,15.5,74.16267943,1,,0
ks52,6,4,4mnvc,st1.2.vpi,17,97.14285714,1,,0
ks52,6,5,4mnvc,st1.2.vpi,17.7,89.84771574,1,,0
ks52,6,7,4mnvc,st1.11,15.1,86.7816092,1,,0
ks52,6,8,4mnvc,st1.11,17.5,87.06467662,1,,0
ks52,6,9,4mnvc,st1.11,16.6,92.22222222,0,,0
ks52,6,10,4mnvc,st1.11.vpi,16.5,89.67391304,0,,0
ks52,6,11,4mnvc,st1.11.vpi,15.1,94.96855346,0,,0
ks52,6,12,4mnvc,st1.11.vpi,15.8,81.86528497,1,,0
ks52,6,13,4mnvc,st1.65,16.1,85.18518519,1,,0
ks52,6,14,4mnvc,st1.65,18.6,89.42307692,0,,0
ks52,6,15,4mnvc,st1.65,19.7,98.5,0,,0
ks52,6,16,4mnvc,st1.65.vpi,16.5,88.23529412,1,,0
ks52,6,17,4mnvc,st1.65.vpi,19,100,0,,0
ks52,6,18,4mnvc,st1.65.vpi,16.5,88.70967742,1,,0
ks52,6,19,4mnvc,st1.68,19.4,98.47715736,0,,0
ks52,6,20,4mnvc,st1.68,21.4,100.9433962,0,,0
ks52,6,21,4mnvc,st1.68,17,90.90909091,1,,0
ks52,6,22,4mnvc,st1.68.vpi,17.4,94.56521739,1,,0
ks52,6,24,4mnvc,st1.68.vpi,16.9,84.07960199,0,,0
ks52,6,25,4mnvc,st1.75.vpi,20.9,105.0251256,0,,0
ks52,6,26,4mnvc,st1.75.vpi,18.4,105.1428571,1,,0
ks52,6,27,4mnvc,st1.75.vpi,17.4,102.3529412,0,,0
ks52,6,29,4mnvc,vpi,15.2,76,1,,0
ks52,6,32,4mnvc,ui,18.4,101.0989011,0,,0
ks52,7,1,4mnvc,st1.2,18,89.55223881,1,140350877.2,0
ks52,7,2,4mnvc,st1.2,17.8,93.19371728,1,178571428.6,0
ks52,7,3,4mnvc,st1.2,16.5,78.94736842,1,180555555.6,0
ks52,7,4,4mnvc,st1.2.vpi,15.7,89.71428571,1,134146341.5,0
ks52,7,5,4mnvc,st1.2.vpi,18.3,92.89340102,0,211538461.5,0
ks52,7,7,4mnvc,st1.11,16.3,93.67816092,0,13888888.89,0
ks52,7,8,4mnvc,st1.11,17.5,87.06467662,1,261194029.9,0
ks52,7,9,4mnvc,st1.11,16.9,93.88888889,0,263157894.7,0
ks52,7,10,4mnvc,st1.11.vpi,17.6,95.65217391,0,150000000,0
ks52,7,11,4mnvc,st1.11.vpi,15,94.33962264,0,64814814.81,0
ks52,7,12,4mnvc,st1.11.vpi,15.8,81.86528497,1,166666666.7,0
ks52,7,13,4mnvc,st1.65,16.8,88.88888889,1,44594594.59,0
ks52,7,14,4mnvc,st1.65,18.3,87.98076923,0,84745762.71,0
ks52,7,15,4mnvc,st1.65,18.9,94.5,1,263636363.6,0
ks52,7,16,4mnvc,st1.65.vpi,17.2,91.97860963,0,340000000,0
ks52,7,17,4mnvc,st1.65.vpi,18,94.73684211,0,104166666.7,0
ks52,7,18,4mnvc,st1.65.vpi,17.1,91.93548387,0,71212121.21,0
ks52,7,19,4mnvc,st1.68,19.2,97.46192893,0,104761904.8,0
ks52,7,20,4mnvc,st1.68,21.5,101.4150943,0,155737704.9,0
ks52,7,21,4mnvc,st1.68,17.5,93.5828877,0,224137931,0
ks52,7,22,4mnvc,st1.68.vpi,17,92.39130435,1,152542372.9,0
ks52,7,24,4mnvc,st1.68.vpi,18.2,90.54726368,0,15000000,0
ks52,7,25,4mnvc,st1.75.vpi,20.6,103.5175879,0,375000000,0
ks52,7,26,4mnvc,st1.75.vpi,16.5,94.28571429,0,97222222.22,0
ks52,7,27,4mnvc,st1.75.vpi,17.3,101.7647059,0,162790697.7,0
ks52,7,29,4mnvc,vpi,15.6,78,1,,0
ks52,7,32,4mnvc,ui,19.8,108.7912088,0,0,0
ks53,0,1,3mnvc,st1.53,19.4,100,0,0,0
ks53,0,2,3mnvc,st1.53,18.1,100,0,0,0
ks53,0,3,3mnvc,st1.53,18.8,100,0,0,0
ks53,0,4,3mnvc,st1.53.vpi,15.7,100,0,0,0
ks53,0,5,3mnvc,st1.53.vpi,19.4,100,0,0,0
ks53,0,6,3mnvc,st1.53.vpi,18.7,100,0,0,0
ks53,0,7,3mnvc,st1.57,19.4,100,0,0,0
ks53,0,8,3mnvc,st1.57,17.8,100,0,0,0
ks53,0,9,3mnvc,st1.57,18.2,100,0,0,0
ks53,0,10,3mnvc,st1.57.vpi,18.5,100,0,0,0
ks53,0,11,3mnvc,st1.57.vpi,19,100,0,0,0
ks53,0,12,3mnvc,st1.57.vpi,18.3,100,0,0,0
ks53,0,13,3mnvc,st1.58,20,100,0,0,0
ks53,0,14,3mnvc,st1.58,18.6,100,0,0,0
ks53,0,15,3mnvc,st1.58,18.5,100,0,0,0
ks53,0,16,3mnvc,st1.58.vpi,18.3,100,0,0,0
ks53,0,17,3mnvc,st1.58.vpi,20.6,100,0,0,0
ks53,0,18,3mnvc,st1.58.vpi,18.7,100,0,0,0
ks53,0,19,3mnvc,st1.62,19.5,100,0,0,0
ks53,0,20,3mnvc,st1.62,16.9,100,0,0,0
ks53,0,21,3mnvc,st1.62,19.7,100,0,0,0
ks53,0,22,3mnvc,st1.62.vpi,17.8,100,0,0,0
ks53,0,23,3mnvc,st1.62.vpi,18.5,100,0,0,0
ks53,0,24,3mnvc,st1.62.vpi,18.8,100,0,0,0
ks53,0,25,3mnvc,st1.75.vpi,18.1,100,0,0,0
ks53,0,26,3mnvc,st1.75.vpi,17.8,100,0,0,0
ks53,0,27,3mnvc,st1.75.vpi,19,100,0,0,0
ks53,0,28,3mnvc,vpi,18.3,100,0,0,0
ks53,0,29,3mnvc,vpi,19,100,0,0,0
ks53,0,30,3mnvc,vpi,19.4,100,0,0,0
ks53,0,31,3mnvc,vpi,18,100,0,0,0
ks53,0,32,3mnvc,vpi,17.1,100,0,0,0
ks53,0,33,3mnvc,ui,18.5,100,0,0,0
ks53,1,1,3mnvc,st1.53,19.7,101.5463918,0,85106382.98,0
ks53,1,2,3mnvc,st1.53,18.8,103.8674033,0,19696969.7,0
ks53,1,3,3mnvc,st1.53,18.9,100.5319149,0,41417910.45,0
ks53,1,4,3mnvc,st1.53.vpi,15.8,100.6369427,0,46739130.43,0
ks53,1,5,3mnvc,st1.53.vpi,18.9,97.42268041,0,53658536.59,0
ks53,1,6,3mnvc,st1.53.vpi,18.8,100.5347594,0,81818181.82,0
ks53,1,7,3mnvc,st1.57,19.7,101.5463918,0,104838709.7,0
ks53,1,8,3mnvc,st1.57,18.2,102.247191,0,50781250,0
ks53,1,9,3mnvc,st1.57,18.2,100,0,125000000,0
ks53,1,10,3mnvc,st1.57.vpi,18.9,102.1621622,0,75500000,0
ks53,1,11,3mnvc,st1.57.vpi,18.7,98.42105263,0,58571428.57,0
ks53,1,12,3mnvc,st1.57.vpi,19.1,104.3715847,0,39705882.35,0
ks53,1,13,3mnvc,st1.58,20,100,0,56250000,0
ks53,1,14,3mnvc,st1.58,19.6,105.3763441,0,34722222.22,0
ks53,1,15,3mnvc,st1.58,17.9,96.75675676,0,100000000,0
ks53,1,16,3mnvc,st1.58.vpi,18.4,100.5464481,0,145161290.3,0
ks53,1,17,3mnvc,st1.58.vpi,19.8,96.11650485,0,39583333.33,0
ks53,1,18,3mnvc,st1.58.vpi,20.2,108.0213904,0,137254902,0
ks53,1,19,3mnvc,st1.62,19.5,100,0,125000000,0
ks53,1,20,3mnvc,st1.62,17.9,105.9171598,0,142857142.9,0
ks53,1,21,3mnvc,st1.62,20.2,102.5380711,0,17592592.59,0
ks53,1,22,3mnvc,st1.62.vpi,17.8,100,0,103448275.9,0
ks53,1,23,3mnvc,st1.62.vpi,19.1,103.2432432,0,67441860.47,0
ks53,1,24,3mnvc,st1.62.vpi,18.6,98.93617021,0,121621621.6,0
ks53,1,25,3mnvc,st1.75.vpi,18.5,102.2099448,0,2192982.456,0
ks53,1,26,3mnvc,st1.75.vpi,17.1,96.06741573,0,75757575.76,0
ks53,1,27,3mnvc,st1.75.vpi,18.3,96.31578947,0,115384615.4,0
ks53,1,28,3mnvc,vpi,18.7,102.1857923,0,33750000,0
ks53,1,29,3mnvc,vpi,19,100,0,59523809.52,0
ks53,1,30,3mnvc,vpi,19.1,98.45360825,0,40277777.78,0
ks53,1,31,3mnvc,vpi,17.4,96.66666667,0,40625000,0
ks53,1,32,3mnvc,vpi,17.1,100,0,1613636.364,0
ks53,1,33,3mnvc,ui,19.5,105.4054054,0,0,0
ks53,2,1,3mnvc,st1.53,16.3,84.02061856,1,,0
ks53,2,2,3mnvc,st1.53,17.7,97.79005525,1,,0
ks53,2,3,3mnvc,st1.53,17.2,91.4893617,1,,0
ks53,2,4,3mnvc,st1.53.vpi,13.7,87.2611465,1,,0
ks53,2,5,3mnvc,st1.53.vpi,17.6,90.72164948,0,,0
ks53,2,6,3mnvc,st1.53.vpi,15.6,83.42245989,1,,0
ks53,2,7,3mnvc,st1.57,18.8,96.90721649,1,,0
ks53,2,8,3mnvc,st1.57,18.6,104.494382,0,,0
ks53,2,9,3mnvc,st1.57,17.8,97.8021978,0,,0
ks53,2,10,3mnvc,st1.57.vpi,18.2,98.37837838,1,,0
ks53,2,11,3mnvc,st1.57.vpi,18.9,99.47368421,0,,0
ks53,2,12,3mnvc,st1.57.vpi,17.4,95.08196721,1,,0
ks53,2,13,3mnvc,st1.58,17.3,86.5,1,,0
ks53,2,14,3mnvc,st1.58,17.2,92.47311828,0,,0
ks53,2,15,3mnvc,st1.58,16.1,87.02702703,1,,0
ks53,2,16,3mnvc,st1.58.vpi,14.8,80.87431694,1,,0
ks53,2,17,3mnvc,st1.58.vpi,17.5,84.95145631,1,,0
ks53,2,18,3mnvc,st1.58.vpi,18.4,98.39572193,1,,0
ks53,2,19,3mnvc,st1.62,16.5,84.61538462,1,,0
ks53,2,20,3mnvc,st1.62,16,94.67455621,1,,0
ks53,2,21,3mnvc,st1.62,18.1,91.87817259,1,,0
ks53,2,22,3mnvc,st1.62.vpi,15.4,86.51685393,1,,0
ks53,2,23,3mnvc,st1.62.vpi,17.4,94.05405405,1,,0
ks53,2,24,3mnvc,st1.62.vpi,15.8,84.04255319,1,,0
ks53,2,25,3mnvc,st1.75.vpi,16.5,91.16022099,0,,0
ks53,2,26,3mnvc,st1.75.vpi,17.4,97.75280899,0,,0
ks53,2,27,3mnvc,st1.75.vpi,17.3,91.05263158,0,,0
ks53,2,28,3mnvc,vpi,16.1,87.97814208,1,,0
ks53,2,29,3mnvc,vpi,16.1,84.73684211,1,,0
ks53,2,30,3mnvc,vpi,18.1,93.29896907,0,,0
ks53,2,31,3mnvc,vpi,16.4,91.11111111,1,,0
ks53,2,32,3mnvc,vpi,14.2,83.04093567,1,,0
ks53,2,33,3mnvc,ui,19.3,104.3243243,0,,0
ks53,3,1,3mnvc,st1.53,15.3,78.86597938,1,,0
ks53,3,2,3mnvc,st1.53,16,88.39779006,1,,0
ks53,3,3,3mnvc,st1.53,17.4,92.55319149,1,,0
ks53,3,4,3mnvc,st1.53.vpi,15.6,99.36305732,1,,0
ks53,3,5,3mnvc,st1.53.vpi,15.8,81.44329897,1,,0
ks53,3,6,3mnvc,st1.53.vpi,16.2,86.63101604,1,,0
ks53,3,7,3mnvc,st1.57,19.7,101.5463918,0,,0
ks53,3,8,3mnvc,st1.57,18.5,103.9325843,0,,0
ks53,3,9,3mnvc,st1.57,17.7,97.25274725,1,,0
ks53,3,10,3mnvc,st1.57.vpi,18.5,100,0,,0
ks53,3,11,3mnvc,st1.57.vpi,18.3,96.31578947,1,,0
ks53,3,12,3mnvc,st1.57.vpi,17.8,97.26775956,1,,0
ks53,3,13,3mnvc,st1.58,16.4,82,1,,0
ks53,3,14,3mnvc,st1.58,17.6,94.62365591,1,,0
ks53,3,15,3mnvc,st1.58,16.9,91.35135135,1,,0
ks53,3,16,3mnvc,st1.58.vpi,13.9,75.95628415,1,,0
ks53,3,17,3mnvc,st1.58.vpi,19.1,92.7184466,1,,0
ks53,3,18,3mnvc,st1.58.vpi,18.5,98.93048128,0,,0
ks53,3,19,3mnvc,st1.62,16.8,86.15384615,1,,0
ks53,3,20,3mnvc,st1.62,15.2,89.9408284,1,,0
ks53,3,21,3mnvc,st1.62,18.4,93.40101523,1,,0
ks53,3,22,3mnvc,st1.62.vpi,15.4,86.51685393,1,,0
ks53,3,23,3mnvc,st1.62.vpi,17,91.89189189,1,,0
ks53,3,24,3mnvc,st1.62.vpi,18,95.74468085,1,,0
ks53,3,25,3mnvc,st1.75.vpi,18.2,100.5524862,0,,0
ks53,3,26,3mnvc,st1.75.vpi,17.2,96.62921348,1,,0
ks53,3,27,3mnvc,st1.75.vpi,18.4,96.84210526,0,,0
ks53,3,28,3mnvc,vpi,16.9,92.34972678,1,,0
ks53,3,29,3mnvc,vpi,16.4,86.31578947,1,,0
ks53,3,30,3mnvc,vpi,17,87.62886598,1,,0
ks53,3,31,3mnvc,vpi,16,88.88888889,1,,0
ks53,3,32,3mnvc,vpi,13.3,77.77777778,1,,0
ks53,3,33,3mnvc,ui,18.8,101.6216216,0,,0
ks53,4,1,3mnvc,st1.53,16,82.4742268,1,,0
ks53,4,2,3mnvc,st1.53,14,77.3480663,1,,0
ks53,4,3,3mnvc,st1.53,16.2,86.17021277,0,,0
ks53,4,4,3mnvc,st1.53.vpi,14.6,92.99363057,1,,0
ks53,4,5,3mnvc,st1.53.vpi,13.8,71.13402062,1,,0
ks53,4,6,3mnvc,st1.53.vpi,15.9,85.02673797,1,,0
ks53,4,7,3mnvc,st1.57,18.9,97.42268041,0,,0
ks53,4,8,3mnvc,st1.57,15.7,88.20224719,1,,0
ks53,4,9,3mnvc,st1.57,17.6,96.7032967,0,,0
ks53,4,10,3mnvc,st1.57.vpi,18.2,98.37837838,0,,0
ks53,4,11,3mnvc,st1.57.vpi,17.9,94.21052632,1,,0
ks53,4,12,3mnvc,st1.57.vpi,17.7,96.72131148,0,,0
ks53,4,13,3mnvc,st1.58,15.8,79,1,,0
ks53,4,14,3mnvc,st1.58,16.9,90.86021505,0,,0
ks53,4,15,3mnvc,st1.58,17.1,92.43243243,0,,0
ks53,4,16,3mnvc,st1.58.vpi,,,,,1
ks53,4,17,3mnvc,st1.58.vpi,18.8,91.26213592,0,,0
ks53,4,18,3mnvc,st1.58.vpi,18,96.25668449,1,,0
ks53,4,19,3mnvc,st1.62,16.1,82.56410256,1,,0
ks53,4,20,3mnvc,st1.62,15.3,90.53254438,0,,0
ks53,4,21,3mnvc,st1.62,18.6,94.41624365,0,,0
ks53,4,22,3mnvc,st1.62.vpi,15.9,89.3258427,0,,0
ks53,4,23,3mnvc,st1.62.vpi,15.4,83.24324324,1,,0
ks53,4,24,3mnvc,st1.62.vpi,17.3,92.0212766,1,,0
ks53,4,25,3mnvc,st1.75.vpi,18.7,103.3149171,0,,0
ks53,4,26,3mnvc,st1.75.vpi,17.5,98.31460674,0,,0
ks53,4,27,3mnvc,st1.75.vpi,18.5,97.36842105,0,,0
ks53,4,28,3mnvc,vpi,16.9,92.34972678,1,,0
ks53,4,29,3mnvc,vpi,16.7,87.89473684,1,,0
ks53,4,30,3mnvc,vpi,16.3,84.02061856,1,,0
ks53,4,31,3mnvc,vpi,15.4,85.55555556,1,,0
ks53,4,32,3mnvc,vpi,,,,,1
ks53,4,33,3mnvc,ui,18.3,98.91891892,0,,0
ks53,5,1,3mnvc,st1.53,17.1,88.1443299,0,,0
ks53,5,2,3mnvc,st1.53,,,,,1
ks53,5,3,3mnvc,st1.53,16.7,88.82978723,0,,0
ks53,5,4,3mnvc,st1.53.vpi,13.1,83.43949045,1,,0
ks53,5,5,3mnvc,st1.53.vpi,14,72.16494845,1,,0
ks53,5,6,3mnvc,st1.53.vpi,15.9,85.02673797,1,,0
ks53,5,7,3mnvc,st1.57,19.2,98.96907216,0,,0
ks53,5,8,3mnvc,st1.57,15.8,88.76404494,1,,0
ks53,5,9,3mnvc,st1.57,17.5,96.15384615,0,,0
ks53,5,10,3mnvc,st1.57.vpi,18.2,98.37837838,0,,0
ks53,5,11,3mnvc,st1.57.vpi,17.5,92.10526316,0,,0
ks53,5,12,3mnvc,st1.57.vpi,18,98.36065574,0,,0
ks53,5,13,3mnvc,st1.58,17.6,88,0,,0
ks53,5,14,3mnvc,st1.58,16.6,89.24731183,0,,0
ks53,5,15,3mnvc,st1.58,16.6,89.72972973,0,,0
ks53,5,17,3mnvc,st1.58.vpi,18.3,88.83495146,0,,0
ks53,5,18,3mnvc,st1.58.vpi,18.5,98.93048128,0,,0
ks53,5,19,3mnvc,st1.62,17.1,87.69230769,0,,0
ks53,5,20,3mnvc,st1.62,16.7,98.81656805,0,,0
ks53,5,21,3mnvc,st1.62,18.2,92.3857868,0,,0
ks53,5,22,3mnvc,st1.62.vpi,16.1,90.4494382,0,,0
ks53,5,23,3mnvc,st1.62.vpi,16.7,90.27027027,0,,0
ks53,5,24,3mnvc,st1.62.vpi,16.9,89.89361702,0,,0
ks53,5,25,3mnvc,st1.75.vpi,19.2,106.0773481,0,,0
ks53,5,26,3mnvc,st1.75.vpi,17.6,98.87640449,0,,0
ks53,5,27,3mnvc,st1.75.vpi,17.5,92.10526316,0,,0
ks53,5,28,3mnvc,vpi,17.5,95.6284153,0,,0
ks53,5,29,3mnvc,vpi,16.1,84.73684211,1,,0
ks53,5,30,3mnvc,vpi,16.4,84.53608247,0,,0
ks53,5,31,3mnvc,vpi,15.6,86.66666667,1,,0
ks53,5,33,3mnvc,ui,19,102.7027027,0,,0
ks53,6,1,3mnvc,st1.53,16.6,85.56701031,1,,0
ks53,6,3,3mnvc,st1.53,17.1,90.95744681,0,,0
ks53,6,4,3mnvc,st1.53.vpi,13.3,84.7133758,1,,0
ks53,6,5,3mnvc,st1.53.vpi,13.5,69.58762887,1,,0
ks53,6,6,3mnvc,st1.53.vpi,16.1,86.09625668,1,,0
ks53,6,7,3mnvc,st1.57,19.7,101.5463918,0,,0
ks53,6,8,3mnvc,st1.57,17.2,96.62921348,0,,0
ks53,6,9,3mnvc,st1.57,17.7,97.25274725,0,,0
ks53,6,10,3mnvc,st1.57.vpi,18.5,100,1,,0
ks53,6,11,3mnvc,st1.57.vpi,18.2,95.78947368,0,,0
ks53,6,12,3mnvc,st1.57.vpi,18.4,100.5464481,0,,0
ks53,6,13,3mnvc,st1.58,18.7,93.5,1,,0
ks53,6,14,3mnvc,st1.58,17,91.39784946,0,,0
ks53,6,15,3mnvc,st1.58,16.4,88.64864865,1,,0
ks53,6,17,3mnvc,st1.58.vpi,18.7,90.77669903,1,,0
ks53,6,18,3mnvc,st1.58.vpi,19.3,103.2085561,1,,0
ks53,6,19,3mnvc,st1.62,17,87.17948718,1,,0
ks53,6,20,3mnvc,st1.62,17,100.591716,0,,0
ks53,6,21,3mnvc,st1.62,18.2,92.3857868,0,,0
ks53,6,22,3mnvc,st1.62.vpi,16.3,91.57303371,0,,0
ks53,6,23,3mnvc,st1.62.vpi,17.2,92.97297297,0,,0
ks53,6,24,3mnvc,st1.62.vpi,17.2,91.4893617,1,,0
ks53,6,25,3mnvc,st1.75.vpi,18.6,102.7624309,0,,0
ks53,6,26,3mnvc,st1.75.vpi,17.9,100.5617978,0,,0
ks53,6,27,3mnvc,st1.75.vpi,18.5,97.36842105,0,,0
ks53,6,28,3mnvc,vpi,18,98.36065574,0,,0
ks53,6,29,3mnvc,vpi,16.1,84.73684211,1,,0
ks53,6,30,3mnvc,vpi,17.4,89.69072165,0,,0
ks53,6,31,3mnvc,vpi,16.2,90,1,,0
ks53,6,33,3mnvc,ui,19.7,106.4864865,0,,0
ks53,7,1,3mnvc,st1.53,17.3,89.17525773,0,2187500,0
ks53,7,3,3mnvc,st1.53,16.7,88.82978723,1,55952380.95,0
ks53,7,4,3mnvc,st1.53.vpi,13.6,86.62420382,0,45918367.35,0
ks53,7,5,3mnvc,st1.53.vpi,14.8,76.28865979,0,304347826.1,0
ks53,7,6,3mnvc,st1.53.vpi,16,85.56149733,0,37500000,0
ks53,7,7,3mnvc,st1.57,20.1,103.6082474,0,26612903.23,0
ks53,7,8,3mnvc,st1.57,17.2,96.62921348,0,33333333.33,0
ks53,7,9,3mnvc,st1.57,17.8,97.8021978,0,45000000,0
ks53,7,10,3mnvc,st1.57.vpi,18.2,98.37837838,0,44776119.4,0
ks53,7,11,3mnvc,st1.57.vpi,18.6,97.89473684,0,25000000,0
ks53,7,12,3mnvc,st1.57.vpi,18.4,100.5464481,0,46491228.07,0
ks53,7,13,3mnvc,st1.58,18.8,94,0,172413793.1,0
ks53,7,14,3mnvc,st1.58,17.3,93.01075269,0,76666666.67,0
ks53,7,15,3mnvc,st1.58,16.5,89.18918919,1,58490566.04,0
ks53,7,17,3mnvc,st1.58.vpi,18.8,91.26213592,1,68888888.89,0
ks53,7,18,3mnvc,st1.58.vpi,19.7,105.3475936,0,12575757.58,0
ks53,7,19,3mnvc,st1.62,18,92.30769231,0,133333333.3,0
ks53,7,20,3mnvc,st1.62,17.1,101.183432,0,20454545.45,0
ks53,7,21,3mnvc,st1.62,18.7,94.92385787,0,74285714.29,0
ks53,7,22,3mnvc,st1.62.vpi,16.7,93.82022472,0,1527777.778,0
ks53,7,23,3mnvc,st1.62.vpi,18,97.2972973,0,33606557.38,0
ks53,7,24,3mnvc,st1.62.vpi,16.6,88.29787234,0,41818181.82,0
ks53,7,25,3mnvc,st1.75.vpi,18.5,102.2099448,0,227272727.3,0
ks53,7,26,3mnvc,st1.75.vpi,18.4,103.3707865,0,88571428.57,0
ks53,7,27,3mnvc,st1.75.vpi,18.3,96.31578947,0,407407407.4,0
ks53,7,28,3mnvc,vpi,18.2,99.45355191,0,15517241.38,0
ks53,7,29,3mnvc,vpi,16.9,88.94736842,0,64516129.03,0
ks53,7,30,3mnvc,vpi,18.2,93.81443299,0,150000000,0
ks53,7,31,3mnvc,vpi,17.6,97.77777778,0,181818181.8,0
ks53,7,33,3mnvc,ui,19.8,107.027027,0,0,0
ks56,0,1,3mnvc,st1.63,18.8,100,0,0,0
ks56,0,2,3mnvc,st1.63,19,100,0,0,0
ks56,0,3,3mnvc,st1.63,18.6,100,0,0,0
ks56,0,4,3mnvc,st1.63.vpi,19.5,100,0,0,0
ks56,0,5,3mnvc,st1.63.vpi,17.8,100,0,0,0
ks56,0,6,3mnvc,st1.63.vpi,21.4,100,0,0,0
ks56,0,7,3mnvc,st1.67,19,100,0,0,0
ks56,0,8,3mnvc,st1.67,17.3,100,0,0,0
ks56,0,9,3mnvc,st1.67,19,100,0,0,0
ks56,0,10,3mnvc,st1.67.vpi,18.9,100,0,0,0
ks56,0,11,3mnvc,st1.67.vpi,19.2,100,0,0,0
ks56,0,12,3mnvc,st1.67.vpi,21.3,100,0,0,0
ks56,0,13,3mnvc,st1.69,17.4,100,0,0,0
ks56,0,14,3mnvc,st1.69,19.3,100,0,0,0
ks56,0,15,3mnvc,st1.69,19.5,100,0,0,0
ks56,0,16,3mnvc,st1.69.vpi,18.4,100,0,0,0
ks56,0,17,3mnvc,st1.69.vpi,18.4,100,0,0,0
ks56,0,18,3mnvc,st1.69.vpi,18.8,100,0,0,0
ks56,0,19,3mnvc,st1.75.vpi,16.9,100,0,0,0
ks56,0,20,3mnvc,st1.75.vpi,19.5,100,0,0,0
ks56,0,21,3mnvc,st1.75.vpi,20.3,100,0,0,0
ks56,0,22,3mnvc,vpi,19.4,100,0,0,0
ks56,0,23,3mnvc,vpi,18.4,100,0,0,0
ks56,0,24,3mnvc,vpi,17.2,100,0,0,0
ks56,0,25,3mnvc,ui,17.4,100,0,0,0
ks56,1,1,3mnvc,st1.63,19.4,103.1914894,0,22619047.62,0
ks56,1,2,3mnvc,st1.63,19.6,103.1578947,0,30769230.77,0
ks56,1,3,3mnvc,st1.63,19,102.1505376,0,59722222.22,0
ks56,1,4,3mnvc,st1.63.vpi,20.1,103.0769231,0,48809523.81,0
ks56,1,5,3mnvc,st1.63.vpi,16.6,93.25842697,0,2848837.209,0
ks56,1,6,3mnvc,st1.63.vpi,21.5,100.4672897,0,60317460.32,0
ks56,1,7,3mnvc,st1.67,20.3,106.8421053,0,32692307.69,0
ks56,1,8,3mnvc,st1.67,18.3,105.7803468,0,26250000,0
ks56,1,9,3mnvc,st1.67,20,105.2631579,0,79807692.31,0
ks56,1,10,3mnvc,st1.67.vpi,19.7,104.2328042,0,50000000,0
ks56,1,11,3mnvc,st1.67.vpi,19.2,100,0,87837837.84,0
ks56,1,12,3mnvc,st1.67.vpi,21.2,99.53051643,0,75000000,0
ks56,1,13,3mnvc,st1.69,17.8,102.2988506,0,22857142.86,0
ks56,1,14,3mnvc,st1.69,19.5,101.0362694,0,31034482.76,0
ks56,1,15,3mnvc,st1.69,20.5,105.1282051,0,8269230.769,0
ks56,1,16,3mnvc,st1.69.vpi,19.1,103.8043478,0,36585365.85,0
ks56,1,17,3mnvc,st1.69.vpi,19.9,108.1521739,0,26119402.99,0
ks56,1,18,3mnvc,st1.69.vpi,18.8,100,0,52000000,0
ks56,1,19,3mnvc,st1.75.vpi,17,100.591716,0,49218750,0
ks56,1,20,3mnvc,st1.75.vpi,20.4,104.6153846,0,101851851.9,0
ks56,1,21,3mnvc,st1.75.vpi,20.5,100.9852217,0,68571428.57,0
ks56,1,22,3mnvc,vpi,19.9,102.5773196,0,19047619.05,0
ks56,1,23,3mnvc,vpi,19.2,104.3478261,0,4142857.143,0
ks56,1,24,3mnvc,vpi,16.2,94.18604651,0,511111.1111,0
ks56,1,25,3mnvc,ui,17.7,101.7241379,0,0,0
ks56,2,1,3mnvc,st1.63,19.1,101.5957447,0,,0
ks56,2,2,3mnvc,st1.63,18.9,99.47368421,1,,0
ks56,2,3,3mnvc,st1.63,18.2,97.84946237,0,,0
ks56,2,4,3mnvc,st1.63.vpi,20,102.5641026,1,,0
ks56,2,5,3mnvc,st1.63.vpi,15.9,89.3258427,1,,0
ks56,2,6,3mnvc,st1.63.vpi,20.5,95.79439252,1,,0
ks56,2,7,3mnvc,st1.67,20.3,106.8421053,1,,0
ks56,2,8,3mnvc,st1.67,18.6,107.5144509,0,,0
ks56,2,9,3mnvc,st1.67,19,100,1,,0
ks56,2,10,3mnvc,st1.67.vpi,18.4,97.35449735,1,,0
ks56,2,11,3mnvc,st1.67.vpi,17.9,93.22916667,1,,0
ks56,2,12,3mnvc,st1.67.vpi,19.5,91.54929577,1,,0
ks56,2,13,3mnvc,st1.69,17.4,100,0,,0
ks56,2,14,3mnvc,st1.69,17.3,89.6373057,1,,0
ks56,2,15,3mnvc,st1.69,17.5,89.74358974,1,,0
ks56,2,16,3mnvc,st1.69.vpi,17.1,92.93478261,1,,0
ks56,2,17,3mnvc,st1.69.vpi,17,92.39130435,1,,0
ks56,2,18,3mnvc,st1.69.vpi,16.7,88.82978723,1,,0
ks56,2,19,3mnvc,st1.75.vpi,16.8,99.40828402,1,,0
ks56,2,20,3mnvc,st1.75.vpi,19.5,100,0,,0
ks56,2,21,3mnvc,st1.75.vpi,18.9,93.10344828,1,,0
ks56,2,22,3mnvc,vpi,17,87.62886598,1,,0
ks56,2,23,3mnvc,vpi,17,92.39130435,1,,0
ks56,2,24,3mnvc,vpi,15.2,88.37209302,1,,0
ks56,2,25,3mnvc,ui,17.7,101.7241379,0,,0
ks56,3,1,3mnvc,st1.63,15.8,84.04255319,1,,0
ks56,3,2,3mnvc,st1.63,16.8,88.42105263,1,,0
ks56,3,3,3mnvc,st1.63,15.2,81.72043011,1,,0
ks56,3,4,3mnvc,st1.63.vpi,19,97.43589744,1,,0
ks56,3,5,3mnvc,st1.63.vpi,15.3,85.95505618,1,,0
ks56,3,6,3mnvc,st1.63.vpi,20.2,94.39252336,0,,0
ks56,3,7,3mnvc,st1.67,19.1,100.5263158,0,,0
ks56,3,8,3mnvc,st1.67,16.6,95.95375723,1,,0
ks56,3,9,3mnvc,st1.67,18.4,96.84210526,1,,0
ks56,3,10,3mnvc,st1.67.vpi,18.9,100,0,,0
ks56,3,11,3mnvc,st1.67.vpi,17.9,93.22916667,1,,0
ks56,3,12,3mnvc,st1.67.vpi,19.7,92.48826291,1,,0
ks56,3,13,3mnvc,st1.69,15.9,91.37931034,1,,0
ks56,3,14,3mnvc,st1.69,17.3,89.6373057,1,,0
ks56,3,15,3mnvc,st1.69,16.7,85.64102564,1,,0
ks56,3,16,3mnvc,st1.69.vpi,16.6,90.2173913,1,,0
ks56,3,17,3mnvc,st1.69.vpi,18.4,100,0,,0
ks56,3,18,3mnvc,st1.69.vpi,17.7,94.14893617,0,,0
ks56,3,19,3mnvc,st1.75.vpi,17.3,102.3668639,0,,0
ks56,3,20,3mnvc,st1.75.vpi,19.5,100,0,,0
ks56,3,21,3mnvc,st1.75.vpi,19.5,96.0591133,0,,0
ks56,3,22,3mnvc,vpi,17.5,90.20618557,1,,0
ks56,3,23,3mnvc,vpi,,,,,1
ks56,3,24,3mnvc,vpi,,,,,1
ks56,3,25,3mnvc,ui,17,97.70114943,0,,0
ks56,4,1,3mnvc,st1.63,15.4,81.91489362,1,,0
ks56,4,2,3mnvc,st1.63,17.2,90.52631579,1,,0
ks56,4,3,3mnvc,st1.63,14.7,79.03225806,1,,0
ks56,4,4,3mnvc,st1.63.vpi,17.3,88.71794872,1,,0
ks56,4,5,3mnvc,st1.63.vpi,15.1,84.83146067,1,,0
ks56,4,6,3mnvc,st1.63.vpi,18.7,87.38317757,1,,0
ks56,4,7,3mnvc,st1.67,17.8,93.68421053,1,,0
ks56,4,8,3mnvc,st1.67,16.5,95.37572254,1,,0
ks56,4,9,3mnvc,st1.67,17.8,93.68421053,1,,0
ks56,4,10,3mnvc,st1.67.vpi,19,100.5291005,0,,0
ks56,4,11,3mnvc,st1.67.vpi,18.1,94.27083333,0,,0
ks56,4,12,3mnvc,st1.67.vpi,19.2,90.14084507,0,,0
ks56,4,13,3mnvc,st1.69,14.8,85.05747126,1,,0
ks56,4,14,3mnvc,st1.69,17.2,89.11917098,1,,0
ks56,4,15,3mnvc,st1.69,16.4,84.1025641,1,,0
ks56,4,16,3mnvc,st1.69.vpi,16.8,91.30434783,1,,0
ks56,4,17,3mnvc,st1.69.vpi,16.6,90.2173913,1,,0
ks56,4,18,3mnvc,st1.69.vpi,17.1,90.95744681,1,,0
ks56,4,19,3mnvc,st1.75.vpi,17.7,104.7337278,0,,0
ks56,4,20,3mnvc,st1.75.vpi,19.4,99.48717949,0,,0
ks56,4,21,3mnvc,st1.75.vpi,17.7,87.19211823,1,,0
ks56,4,22,3mnvc,vpi,17.6,90.72164948,1,,0
ks56,4,25,3mnvc,ui,16.6,95.40229885,0,,0
ks56,5,1,3mnvc,st1.63,16.6,88.29787234,1,,0
ks56,5,2,3mnvc,st1.63,17.9,94.21052632,0,,0
ks56,5,3,3mnvc,st1.63,15.2,81.72043011,0,,0
ks56,5,4,3mnvc,st1.63.vpi,17.5,89.74358974,1,,0
ks56,5,5,3mnvc,st1.63.vpi,15.6,87.64044944,0,,0
ks56,5,6,3mnvc,st1.63.vpi,18.4,85.98130841,1,,0
ks56,5,7,3mnvc,st1.67,18.7,98.42105263,0,,0
ks56,5,8,3mnvc,st1.67,17.5,101.1560694,0,,0
ks56,5,9,3mnvc,st1.67,18.2,95.78947368,1,,0
ks56,5,10,3mnvc,st1.67.vpi,19.1,101.0582011,0,,0
ks56,5,11,3mnvc,st1.67.vpi,18.8,97.91666667,0,,0
ks56,5,12,3mnvc,st1.67.vpi,19.5,91.54929577,1,,0
ks56,5,13,3mnvc,st1.69,14.6,83.90804598,1,,0
ks56,5,14,3mnvc,st1.69,18.5,95.85492228,1,,0
ks56,5,15,3mnvc,st1.69,17.8,91.28205128,0,,0
ks56,5,16,3mnvc,st1.69.vpi,16.6,90.2173913,1,,0
ks56,5,17,3mnvc,st1.69.vpi,16.6,90.2173913,1,,0
ks56,5,18,3mnvc,st1.69.vpi,16.4,87.23404255,1,,0
ks56,5,19,3mnvc,st1.75.vpi,17.9,105.9171598,0,,0
ks56,5,20,3mnvc,st1.75.vpi,18.2,93.33333333,1,,0
ks56,5,21,3mnvc,st1.75.vpi,19,93.59605911,0,,0
ks56,5,22,3mnvc,vpi,17.5,90.20618557,1,,0
ks56,5,25,3mnvc,ui,16.8,96.55172414,0,,0
ks56,6,1,3mnvc,st1.63,18.3,97.34042553,0,18181818.18,0
ks56,6,2,3mnvc,st1.63,19.2,101.0526316,0,40983606.56,0
ks56,6,3,3mnvc,st1.63,16.8,90.32258065,0,15625000,0
ks56,6,4,3mnvc,st1.63.vpi,17.9,91.79487179,0,35227272.73,0
ks56,6,5,3mnvc,st1.63.vpi,17.3,97.19101124,0,28260869.57,0
ks56,6,6,3mnvc,st1.63.vpi,18.8,87.85046729,1,245454545.5,0
ks56,6,7,3mnvc,st1.67,19.7,103.6842105,0,56060606.06,0
ks56,6,8,3mnvc,st1.67,17.3,100,0,25000000,0
ks56,6,9,3mnvc,st1.67,18.6,97.89473684,0,89473684.21,0
ks56,6,10,3mnvc,st1.67.vpi,19.3,102.1164021,0,147540983.6,0
ks56,6,11,3mnvc,st1.67.vpi,19,98.95833333,0,138888888.9,0
ks56,6,12,3mnvc,st1.67.vpi,19.5,91.54929577,1,184523809.5,0
ks56,6,13,3mnvc,st1.69,16,91.95402299,0,11363636.36,0
ks56,6,14,3mnvc,st1.69,19.8,102.5906736,0,9375000,0
ks56,6,15,3mnvc,st1.69,19.6,100.5128205,0,35245901.64,0
ks56,6,16,3mnvc,st1.69.vpi,17.3,94.02173913,1,93750000,0
ks56,6,17,3mnvc,st1.69.vpi,17.8,96.73913043,1,245283018.9,0
ks56,6,18,3mnvc,st1.69.vpi,16.3,86.70212766,1,214285714.3,0
ks56,6,19,3mnvc,st1.75.vpi,16.6,98.22485207,1,309523809.5,0
ks56,6,20,3mnvc,st1.75.vpi,18.2,93.33333333,1,40000000,0
ks56,6,21,3mnvc,st1.75.vpi,20.1,99.01477833,0,6666666.667,0
ks56,6,22,3mnvc,vpi,18.2,93.81443299,0,60975609.76,0
ks56,6,25,3mnvc,ui,17.3,99.42528736,0,0,0
ks56,7,1,3mnvc,st1.63,18.7,99.46808511,1,,0
ks56,7,2,3mnvc,st1.63,19.5,102.6315789,0,,0
ks56,7,3,3mnvc,st1.63,18.7,100.5376344,0,,0
ks56,7,4,3mnvc,st1.63.vpi,18.9,96.92307692,0,,0
ks56,7,5,3mnvc,st1.63.vpi,18.1,101.6853933,0,,0
ks56,7,6,3mnvc,st1.63.vpi,18.6,86.91588785,1,,0
ks56,7,7,3mnvc,st1.67,20,105.2631579,0,,0
ks56,7,8,3mnvc,st1.67,17.6,101.734104,0,,0
ks56,7,9,3mnvc,st1.67,18.8,98.94736842,0,,0
ks56,7,10,3mnvc,st1.67.vpi,19.1,101.0582011,0,,0
ks56,7,11,3mnvc,st1.67.vpi,19.3,100.5208333,0,,0
ks56,7,12,3mnvc,st1.67.vpi,20,93.89671362,0,,0
ks56,7,13,3mnvc,st1.69,17.2,98.85057471,0,,0
ks56,7,14,3mnvc,st1.69,19.8,102.5906736,0,,0
ks56,7,15,3mnvc,st1.69,19,97.43589744,0,,0
ks56,7,16,3mnvc,st1.69.vpi,18.2,98.91304348,1,,0
ks56,7,17,3mnvc,st1.69.vpi,17.5,95.10869565,1,,0
ks56,7,18,3mnvc,st1.69.vpi,17,90.42553191,1,,0
ks56,7,19,3mnvc,st1.75.vpi,16.9,100,0,,0
ks56,7,20,3mnvc,st1.75.vpi,18.9,96.92307692,0,,0
ks56,7,21,3mnvc,st1.75.vpi,20.5,100.9852217,0,,0
ks56,7,22,3mnvc,vpi,18.3,94.32989691,1,,0
ks56,7,25,3mnvc,ui,18.5,106.3218391,0,,0
ks57,0,1,3mnvc,st1.6,18.1,100,0,0,0
ks57,0,2,3mnvc,st1.6,18.9,100,0,0,0
ks57,0,3,3mnvc,st1.6,16.4,100,0,0,0
ks57,0,4,3mnvc,st1.6.vpi,18,100,0,0,0
ks57,0,5,3mnvc,st1.6.vpi,15.8,100,0,0,0
ks57,0,6,3mnvc,st1.6.vpi,18.5,100,0,0,0
ks57,0,7,3mnvc,st1.66,19.9,100,0,0,0
ks57,0,8,3mnvc,st1.66,18.9,100,0,0,0
ks57,0,9,3mnvc,st1.66,19.4,100,0,0,0
ks57,0,10,3mnvc,st1.66.vpi,18.2,100,0,0,0
ks57,0,11,3mnvc,st1.66.vpi,19.9,100,0,0,0
ks57,0,12,3mnvc,st1.66.vpi,20.5,100,0,0,0
ks57,0,13,3mnvc,st1.12,19.9,100,0,0,0
ks57,0,14,3mnvc,st1.12,18,100,0,0,0
ks57,0,15,3mnvc,st1.12,18,100,0,0,0
ks57,0,16,3mnvc,st1.12.vpi,18.3,100,0,0,0
ks57,0,17,3mnvc,st1.12.vpi,18.1,100,0,0,0
ks57,0,18,3mnvc,st1.12.vpi,17.6,100,0,0,0
ks57,0,19,3mnvc,st1.75.vpi,17.8,100,0,0,0
ks57,0,20,3mnvc,st1.75.vpi,19.8,100,0,0,0
ks57,0,21,3mnvc,st1.75.vpi,16.4,100,0,0,0
ks57,0,22,3mnvc,vpi,20.6,100,0,0,0
ks57,0,23,3mnvc,vpi,20.9,100,0,0,0
ks57,0,24,3mnvc,vpi,16.4,100,0,0,0
ks57,0,25,3mnvc,ui,18.2,100,0,0,0
ks57,1,1,3mnvc,st1.6,18.4,101.6574586,0,70000000,0
ks57,1,2,3mnvc,st1.6,19.3,102.1164021,0,40983606.56,0
ks57,1,3,3mnvc,st1.6,16.9,103.0487805,0,44642857.14,0
ks57,1,4,3mnvc,st1.6.vpi,18,100,0,8362068.966,0
ks57,1,5,3mnvc,st1.6.vpi,16.2,102.5316456,0,31250000,0
ks57,1,6,3mnvc,st1.6.vpi,19,102.7027027,0,20370370.37,0
ks57,1,7,3mnvc,st1.66,19.2,96.48241206,0,48387096.77,0
ks57,1,8,3mnvc,st1.66,18.8,99.47089947,0,5185185.185,0
ks57,1,9,3mnvc,st1.66,20,103.0927835,0,50000000,0
ks57,1,10,3mnvc,st1.66.vpi,18.7,102.7472527,0,3043478.261,0
ks57,1,11,3mnvc,st1.66.vpi,21,105.5276382,0,441176.4706,0
ks57,1,12,3mnvc,st1.66.vpi,21.4,104.3902439,1,131578947.4,0
ks57,1,13,3mnvc,st1.12,20.3,102.0100503,0,72058823.53,0
ks57,1,14,3mnvc,st1.12,19.5,108.3333333,0,500000,0
ks57,1,15,3mnvc,st1.12,18.1,100.5555556,0,15625,0
ks57,1,16,3mnvc,st1.12.vpi,18.9,103.2786885,0,0,0
ks57,1,17,3mnvc,st1.12.vpi,18.5,102.2099448,0,1818181.818,0
ks57,1,18,3mnvc,st1.12.vpi,18.6,105.6818182,0,97222222.22,0
ks57,1,19,3mnvc,st1.75.vpi,18.1,101.6853933,0,833333.3333,0
ks57,1,20,3mnvc,st1.75.vpi,20.3,102.5252525,0,144736842.1,0
ks57,1,21,3mnvc,st1.75.vpi,17,103.6585366,0,48936170.21,0
ks57,1,22,3mnvc,vpi,21.1,102.4271845,0,0,0
ks57,1,23,3mnvc,vpi,21.4,102.3923445,0,1285714.286,0
ks57,1,24,3mnvc,vpi,16.2,98.7804878,0,0,0
ks57,1,25,3mnvc,ui,18,98.9010989,0,0,0
ks57,2,1,3mnvc,st1.6,17.9,98.89502762,0,,0
ks57,2,2,3mnvc,st1.6,19,100.5291005,1,,0
ks57,2,3,3mnvc,st1.6,17.1,104.2682927,0,,0
ks57,2,4,3mnvc,st1.6.vpi,18.5,102.7777778,0,,0
ks57,2,5,3mnvc,st1.6.vpi,16.4,103.7974684,0,,0
ks57,2,6,3mnvc,st1.6.vpi,18.6,100.5405405,0,,0
ks57,2,7,3mnvc,st1.66,17.9,89.94974874,0,,0
ks57,2,8,3mnvc,st1.66,16.5,87.3015873,1,,0
ks57,2,9,3mnvc,st1.66,19.6,101.0309278,0,,0
ks57,2,10,3mnvc,st1.66.vpi,15.6,85.71428571,1,,0
ks57,2,11,3mnvc,st1.66.vpi,20.1,101.0050251,1,,0
ks57,2,12,3mnvc,st1.66.vpi,18,87.80487805,1,,0
ks57,2,13,3mnvc,st1.12,17.5,87.93969849,1,,0
ks57,2,14,3mnvc,st1.12,17,94.44444444,1,,0
ks57,2,15,3mnvc,st1.12,18.4,102.2222222,1,,0
ks57,2,16,3mnvc,st1.12.vpi,17.2,93.98907104,1,,0
ks57,2,17,3mnvc,st1.12.vpi,17.5,96.68508287,1,,0
ks57,2,18,3mnvc,st1.12.vpi,16.1,91.47727273,1,,0
ks57,2,19,3mnvc,st1.75.vpi,17.5,98.31460674,0,,0
ks57,2,20,3mnvc,st1.75.vpi,19.1,96.46464646,0,,0
ks57,2,21,3mnvc,st1.75.vpi,17.1,104.2682927,0,,0
ks57,2,22,3mnvc,vpi,18.6,90.29126214,1,,0
ks57,2,23,3mnvc,vpi,18,86.12440191,1,,0
ks57,2,24,3mnvc,vpi,16.6,101.2195122,0,,0
ks57,2,25,3mnvc,ui,17.6,96.7032967,0,,0
ks57,3,1,3mnvc,st1.6,17.4,96.13259669,0,,0
ks57,3,2,3mnvc,st1.6,18.2,96.2962963,0,,0
ks57,3,3,3mnvc,st1.6,18.1,110.3658537,0,,0
ks57,3,4,3mnvc,st1.6.vpi,18.1,100.5555556,0,,0
ks57,3,5,3mnvc,st1.6.vpi,17.3,109.4936709,0,,0
ks57,3,6,3mnvc,st1.6.vpi,19,102.7027027,0,,0
ks57,3,7,3mnvc,st1.66,17.2,86.4321608,0,,0
ks57,3,8,3mnvc,st1.66,16,84.65608466,1,,0
ks57,3,9,3mnvc,st1.66,19.9,102.5773196,1,,0
ks57,3,10,3mnvc,st1.66.vpi,16.3,89.56043956,1,,0
ks57,3,11,3mnvc,st1.66.vpi,18,90.45226131,1,,0
ks57,3,12,3mnvc,st1.66.vpi,17.9,87.31707317,1,,0
ks57,3,13,3mnvc,st1.12,16.9,84.92462312,1,,0
ks57,3,14,3mnvc,st1.12,15.7,87.22222222,1,,0
ks57,3,15,3mnvc,st1.12,17.5,97.22222222,1,,0
ks57,3,16,3mnvc,st1.12.vpi,16.2,88.52459016,1,,0
ks57,3,17,3mnvc,st1.12.vpi,17.5,96.68508287,0,,0
ks57,3,18,3mnvc,st1.12.vpi,15.2,86.36363636,1,,0
ks57,3,19,3mnvc,st1.75.vpi,17.8,100,0,,0
ks57,3,20,3mnvc,st1.75.vpi,19.4,97.97979798,0,,0
ks57,3,21,3mnvc,st1.75.vpi,17.6,107.3170732,0,,0
ks57,3,22,3mnvc,vpi,17.1,83.00970874,1,,0
ks57,3,23,3mnvc,vpi,18.5,88.51674641,0,,0
ks57,3,24,3mnvc,vpi,13.6,82.92682927,1,,0
ks57,3,25,3mnvc,ui,17.9,98.35164835,0,,0
ks57,4,1,3mnvc,st1.6,16.9,93.37016575,1,,0
ks57,4,2,3mnvc,st1.6,19.6,103.7037037,0,,0
ks57,4,3,3mnvc,st1.6,17.6,107.3170732,1,,0
ks57,4,4,3mnvc,st1.6.vpi,18.3,101.6666667,0,,0
ks57,4,5,3mnvc,st1.6.vpi,16.7,105.6962025,1,,0
ks57,4,6,3mnvc,st1.6.vpi,17.9,96.75675676,1,,0
ks57,4,7,3mnvc,st1.66,17.2,86.4321608,1,,0
ks57,4,8,3mnvc,st1.66,15,79.36507937,1,,0
ks57,4,9,3mnvc,st1.66,20,103.0927835,1,,0
ks57,4,10,3mnvc,st1.66.vpi,17.2,94.50549451,1,,0
ks57,4,11,3mnvc,st1.66.vpi,17.7,88.94472362,1,,0
ks57,4,12,3mnvc,st1.66.vpi,17.3,84.3902439,1,,0
ks57,4,13,3mnvc,st1.12,17.1,85.92964824,1,,0
ks57,4,14,3mnvc,st1.12,14.4,80,1,,0
ks57,4,15,3mnvc,st1.12,16.3,90.55555556,1,,0
ks57,4,16,3mnvc,st1.12.vpi,16.2,88.52459016,1,,0
ks57,4,17,3mnvc,st1.12.vpi,16.1,88.95027624,1,,0
ks57,4,18,3mnvc,st1.12.vpi,14.4,81.81818182,1,,0
ks57,4,19,3mnvc,st1.75.vpi,18.4,103.3707865,0,,0
ks57,4,20,3mnvc,st1.75.vpi,18.2,91.91919192,1,,0
ks57,4,21,3mnvc,st1.75.vpi,17.4,106.097561,0,,0
ks57,4,22,3mnvc,vpi,18.1,87.86407767,1,,0
ks57,4,23,3mnvc,vpi,18.5,88.51674641,1,,0
ks57,4,24,3mnvc,vpi,13.5,82.31707317,1,,0
ks57,4,25,3mnvc,ui,18,98.9010989,0,,0
ks57,5,1,3mnvc,st1.6,17.5,96.68508287,0,,0
ks57,5,2,3mnvc,st1.6,19.9,105.2910053,0,,0
ks57,5,3,3mnvc,st1.6,17.4,106.097561,1,,0
ks57,5,4,3mnvc,st1.6.vpi,20.4,113.3333333,0,,0
ks57,5,5,3mnvc,st1.6.vpi,16.1,101.8987342,0,,0
ks57,5,6,3mnvc,st1.6.vpi,18.1,97.83783784,0,,0
ks57,5,7,3mnvc,st1.66,16.7,83.91959799,0,,0
ks57,5,8,3mnvc,st1.66,14.2,75.13227513,1,,0
ks57,5,9,3mnvc,st1.66,18.6,95.87628866,1,,0
ks57,5,10,3mnvc,st1.66.vpi,16.8,92.30769231,1,,0
ks57,5,11,3mnvc,st1.66.vpi,18.9,94.97487437,1,,0
ks57,5,12,3mnvc,st1.66.vpi,15.9,77.56097561,1,,0
ks57,5,13,3mnvc,st1.12,17.5,87.93969849,1,,0
ks57,5,14,3mnvc,st1.12,14.5,80.55555556,1,,0
ks57,5,15,3mnvc,st1.12,15.3,85,1,,0
ks57,5,16,3mnvc,st1.12.vpi,16.4,89.61748634,1,,0
ks57,5,17,3mnvc,st1.12.vpi,14.9,82.32044199,1,,0
ks57,5,18,3mnvc,st1.12.vpi,14.5,82.38636364,1,,0
ks57,5,19,3mnvc,st1.75.vpi,18,101.1235955,0,,0
ks57,5,20,3mnvc,st1.75.vpi,18.6,93.93939394,1,,0
ks57,5,21,3mnvc,st1.75.vpi,17.1,104.2682927,0,,0
ks57,5,22,3mnvc,vpi,18.4,89.32038835,1,,0
ks57,5,23,3mnvc,vpi,18.1,86.60287081,1,,0
ks57,5,24,3mnvc,vpi,13.7,83.53658537,1,,0
ks57,5,25,3mnvc,ui,18.5,101.6483516,0,,0
ks57,6,1,3mnvc,st1.6,17.5,96.68508287,1,,0
ks57,6,2,3mnvc,st1.6,20.8,110.0529101,0,,0
ks57,6,3,3mnvc,st1.6,17.7,107.9268293,0,,0
ks57,6,4,3mnvc,st1.6.vpi,20,111.1111111,0,,0
ks57,6,5,3mnvc,st1.6.vpi,16.2,102.5316456,1,,0
ks57,6,6,3mnvc,st1.6.vpi,19,102.7027027,1,,0
ks57,6,7,3mnvc,st1.66,16.4,82.4120603,1,,0
ks57,6,8,3mnvc,st1.66,14.2,75.13227513,1,,0
ks57,6,9,3mnvc,st1.66,19.3,99.48453608,0,,0
ks57,6,10,3mnvc,st1.66.vpi,15.6,85.71428571,1,,0
ks57,6,11,3mnvc,st1.66.vpi,19.4,97.48743719,1,,0
ks57,6,12,3mnvc,st1.66.vpi,14.8,72.19512195,1,,0
ks57,6,13,3mnvc,st1.12,18.7,93.96984925,1,,0
ks57,6,14,3mnvc,st1.12,15.8,87.77777778,0,,0
ks57,6,15,3mnvc,st1.12,15.6,86.66666667,1,,0
ks57,6,16,3mnvc,st1.12.vpi,16.6,90.71038251,0,,0
ks57,6,17,3mnvc,st1.12.vpi,14.4,79.55801105,1,,0
ks57,6,18,3mnvc,st1.12.vpi,14.4,81.81818182,1,,0
ks57,6,19,3mnvc,st1.75.vpi,18,101.1235955,0,,0
ks57,6,20,3mnvc,st1.75.vpi,19.4,97.97979798,0,,0
ks57,6,21,3mnvc,st1.75.vpi,18,109.7560976,0,,0
ks57,6,22,3mnvc,vpi,18.9,91.74757282,1,,0
ks57,6,23,3mnvc,vpi,18.8,89.95215311,1,,0
ks57,6,24,3mnvc,vpi,13.7,83.53658537,1,,0
ks57,6,25,3mnvc,ui,19.4,106.5934066,0,,0
ks57,7,1,3mnvc,st1.6,17.8,98.34254144,0,17391304.35,0
ks57,7,2,3mnvc,st1.6,20.7,109.5238095,0,13157894.74,0
ks57,7,3,3mnvc,st1.6,17.9,109.1463415,0,55813953.49,0
ks57,7,4,3mnvc,st1.6.vpi,19.4,107.7777778,1,131578947.4,0
ks57,7,5,3mnvc,st1.6.vpi,16.5,104.4303797,1,35000000,0
ks57,7,6,3mnvc,st1.6.vpi,19.3,104.3243243,0,15217391.3,0
ks57,7,7,3mnvc,st1.66,16.5,82.91457286,1,75000000,0
ks57,7,8,3mnvc,st1.66,15.2,80.42328042,1,290322580.6,0
ks57,7,9,3mnvc,st1.66,19.5,100.5154639,0,76086956.52,0
ks57,7,10,3mnvc,st1.66.vpi,13.2,72.52747253,1,200000000,0
ks57,7,11,3mnvc,st1.66.vpi,19,95.47738693,1,17021276.6,0
ks57,7,12,3mnvc,st1.66.vpi,15.5,75.6097561,1,206185567,0
ks57,7,13,3mnvc,st1.12,19.3,96.98492462,0,30000000,0
ks57,7,14,3mnvc,st1.12,18.2,101.1111111,0,34000000,0
ks57,7,15,3mnvc,st1.12,18,100,1,78571428.57,0
ks57,7,16,3mnvc,st1.12.vpi,17.2,93.98907104,1,9803921.569,0
ks57,7,17,3mnvc,st1.12.vpi,14.9,82.32044199,0,24358974.36,0
ks57,7,18,3mnvc,st1.12.vpi,14.2,80.68181818,1,93750000,0
ks57,7,19,3mnvc,st1.75.vpi,17.7,99.43820225,0,71428571.43,0
ks57,7,20,3mnvc,st1.75.vpi,20.8,105.0505051,1,19230769.23,0
ks57,7,21,3mnvc,st1.75.vpi,18.2,110.9756098,0,102040816.3,0
ks57,7,22,3mnvc,vpi,19,92.23300971,1,15217391.3,0
ks57,7,23,3mnvc,vpi,19.8,94.73684211,1,85185185.19,0
ks57,7,24,3mnvc,vpi,14.2,86.58536585,1,40816326.53,0
ks57,7,25,3mnvc,ui,19.4,106.5934066,0,0,0
ks58,0,1,3mnvc,st1.19,18.1,100,0,0,0
ks58,0,2,3mnvc,st1.19,16.2,100,0,0,0
ks58,0,3,3mnvc,st1.19,17.9,100,0,0,0
ks58,0,4,3mnvc,st1.19.vpi,18.8,100,0,0,0
ks58,0,5,3mnvc,st1.19.vpi,18.6,100,0,0,0
ks58,0,6,3mnvc,st1.19.vpi,20,100,0,0,0
ks58,0,7,3mnvc,st1.25,16.2,100,0,0,0
ks58,0,8,3mnvc,st1.25,19.9,100,0,0,0
ks58,0,9,3mnvc,st1.25,18.3,100,0,0,0
ks58,0,10,3mnvc,st1.25.vpi,18.7,100,0,0,0
ks58,0,11,3mnvc,st1.25.vpi,17.7,100,0,0,0
ks58,0,12,3mnvc,st1.25.vpi,17.1,100,0,0,0
ks58,0,13,3mnvc,st1.49,17.5,100,0,0,0
ks58,0,14,3mnvc,st1.49,16,100,0,0,0
ks58,0,15,3mnvc,st1.49,17.7,100,0,0,0
ks58,0,16,3mnvc,st1.49.vpi,17.9,100,0,0,0
ks58,0,17,3mnvc,st1.49.vpi,18.6,100,0,0,0
ks58,0,18,3mnvc,st1.49.vpi,18.8,100,0,0,0
ks58,0,19,3mnvc,st1.75.vpi,17.9,100,0,0,0
ks58,0,20,3mnvc,st1.75.vpi,17.2,100,0,0,0
ks58,0,21,3mnvc,st1.75.vpi,19.1,100,0,0,0
ks58,0,22,3mnvc,vpi,17.9,100,0,0,0
ks58,0,23,3mnvc,vpi,17.9,100,0,0,0
ks58,0,24,3mnvc,vpi,17.9,100,0,0,0
ks58,0,25,3mnvc,ui,18.6,100,0,0,0
ks58,1,1,3mnvc,st1.19,18.9,104.4198895,0,,0
ks58,1,2,3mnvc,st1.19,15.4,95.0617284,0,,0
ks58,1,3,3mnvc,st1.19,17.6,98.32402235,0,,0
ks58,1,4,3mnvc,st1.19.vpi,19,101.0638298,0,,0
ks58,1,5,3mnvc,st1.19.vpi,16.7,89.78494624,0,,0
ks58,1,6,3mnvc,st1.19.vpi,19.8,99,0,,0
ks58,1,7,3mnvc,st1.25,16.8,103.7037037,0,,0
ks58,1,8,3mnvc,st1.25,20.7,104.0201005,0,,0
ks58,1,9,3mnvc,st1.25,19.1,104.3715847,0,,0
ks58,1,10,3mnvc,st1.25.vpi,19.6,104.8128342,0,,0
ks58,1,11,3mnvc,st1.25.vpi,17.9,101.1299435,0,,0
ks58,1,12,3mnvc,st1.25.vpi,17.2,100.5847953,0,,0
ks58,1,13,3mnvc,st1.49,17.3,98.85714286,0,,0
ks58,1,14,3mnvc,st1.49,14.9,93.125,0,,0
ks58,1,15,3mnvc,st1.49,18.6,105.0847458,0,,0
ks58,1,16,3mnvc,st1.49.vpi,18.6,103.9106145,0,,0
ks58,1,17,3mnvc,st1.49.vpi,19,102.1505376,0,,0
ks58,1,18,3mnvc,st1.49.vpi,19.5,103.7234043,0,,0
ks58,1,19,3mnvc,st1.75.vpi,18.1,101.1173184,0,,0
ks58,1,20,3mnvc,st1.75.vpi,17.6,102.3255814,0,,0
ks58,1,21,3mnvc,st1.75.vpi,19.7,103.1413613,0,,0
ks58,1,22,3mnvc,vpi,18.3,102.2346369,0,,0
ks58,1,23,3mnvc,vpi,18.5,103.3519553,0,,0
ks58,1,24,3mnvc,vpi,17.8,99.44134078,0,,0
ks58,1,25,3mnvc,ui,18.5,99.46236559,0,,0
ks58,2,1,3mnvc,st1.19,17.8,98.34254144,1,150000000,0
ks58,2,2,3mnvc,st1.19,16.2,100,1,50000000,0
ks58,2,3,3mnvc,st1.19,14.8,82.68156425,1,259740259.7,0
ks58,2,4,3mnvc,st1.19.vpi,15.4,81.91489362,1,170000000,0
ks58,2,5,3mnvc,st1.19.vpi,15.6,83.87096774,1,423076923.1,0
ks58,2,6,3mnvc,st1.19.vpi,16.4,82,1,152542372.9,0
ks58,2,7,3mnvc,st1.25,16.9,104.3209877,0,108823529.4,0
ks58,2,8,3mnvc,st1.25,20.3,102.0100503,0,101694915.3,0
ks58,2,9,3mnvc,st1.25,18.6,101.6393443,0,174418604.7,0
ks58,2,10,3mnvc,st1.25.vpi,19.4,103.7433155,0,192307692.3,0
ks58,2,11,3mnvc,st1.25.vpi,17.9,101.1299435,0,107608695.7,0
ks58,2,12,3mnvc,st1.25.vpi,15.5,90.64327485,1,80882352.94,0
ks58,2,13,3mnvc,st1.49,17.3,98.85714286,0,90740740.74,0
ks58,2,14,3mnvc,st1.49,15.4,96.25,0,0,0
ks58,2,15,3mnvc,st1.49,18.1,102.259887,0,98039215.69,0
ks58,2,16,3mnvc,st1.49.vpi,16.4,91.62011173,1,464285714.3,0
ks58,2,17,3mnvc,st1.49.vpi,17.5,94.08602151,1,60000000,0
ks58,2,18,3mnvc,st1.49.vpi,17.7,94.14893617,1,203703703.7,0
ks58,2,19,3mnvc,st1.75.vpi,18.2,101.6759777,0,40000000,0
ks58,2,20,3mnvc,st1.75.vpi,16.4,95.34883721,1,177419354.8,0
ks58,2,21,3mnvc,st1.75.vpi,20,104.7120419,0,69444444.44,0
ks58,2,22,3mnvc,vpi,14.9,83.24022346,1,188235294.1,0
ks58,2,23,3mnvc,vpi,14.9,83.24022346,1,206896551.7,0
ks58,2,24,3mnvc,vpi,17.4,97.20670391,0,0,0
ks58,2,25,3mnvc,ui,18.5,99.46236559,0,0,0
ks58,3,1,3mnvc,st1.19,18.4,101.6574586,1,,0
ks58,3,2,3mnvc,st1.19,16.2,100,1,,0
ks58,3,3,3mnvc,st1.19,15.5,86.59217877,1,,0
ks58,3,4,3mnvc,st1.19.vpi,14.4,76.59574468,1,,0
ks58,3,5,3mnvc,st1.19.vpi,18.7,100.5376344,0,,0
ks58,3,6,3mnvc,st1.19.vpi,15,75,1,,0
ks58,3,7,3mnvc,st1.25,16.3,100.617284,0,,0
ks58,3,8,3mnvc,st1.25,19.4,97.48743719,1,,0
ks58,3,9,3mnvc,st1.25,17.7,96.72131148,1,,0
ks58,3,10,3mnvc,st1.25.vpi,18.1,96.79144385,1,,0
ks58,3,11,3mnvc,st1.25.vpi,17.7,100,1,,0
ks58,3,12,3mnvc,st1.25.vpi,16.3,95.32163743,1,,0
ks58,3,13,3mnvc,st1.49,14.8,84.57142857,1,,0
ks58,3,14,3mnvc,st1.49,15.8,98.75,0,,0
ks58,3,15,3mnvc,st1.49,17.6,99.43502825,1,,0
ks58,3,16,3mnvc,st1.49.vpi,17.6,98.32402235,1,,0
ks58,3,17,3mnvc,st1.49.vpi,16.9,90.86021505,1,,0
ks58,3,18,3mnvc,st1.49.vpi,17.5,93.08510638,1,,0
ks58,3,19,3mnvc,st1.75.vpi,18,100.5586592,0,,0
ks58,3,20,3mnvc,st1.75.vpi,16.9,98.25581395,0,,0
ks58,3,21,3mnvc,st1.75.vpi,19.8,103.6649215,0,,0
ks58,3,22,3mnvc,vpi,14.8,82.68156425,1,,0
ks58,3,23,3mnvc,vpi,13.4,74.8603352,1,,0
ks58,3,24,3mnvc,vpi,17.1,95.53072626,0,,0
ks58,3,25,3mnvc,ui,19,102.1505376,0,,0
ks58,4,1,3mnvc,st1.19,16.7,92.26519337,1,,0
ks58,4,2,3mnvc,st1.19,15.3,94.44444444,1,,0
ks58,4,3,3mnvc,st1.19,17.5,97.76536313,1,,0
ks58,4,4,3mnvc,st1.19.vpi,17.7,94.14893617,1,,0
ks58,4,5,3mnvc,st1.19.vpi,16.8,90.32258065,1,,0
ks58,4,6,3mnvc,st1.19.vpi,15.2,76,1,,0
ks58,4,7,3mnvc,st1.25,16.5,101.8518519,1,,0
ks58,4,8,3mnvc,st1.25,19.3,96.98492462,1,,0
ks58,4,9,3mnvc,st1.25,17.7,96.72131148,1,,0
ks58,4,10,3mnvc,st1.25.vpi,19,101.6042781,0,,0
ks58,4,11,3mnvc,st1.25.vpi,17.5,98.8700565,0,,0
ks58,4,12,3mnvc,st1.25.vpi,16.5,96.49122807,1,,0
ks58,4,13,3mnvc,st1.49,13.8,78.85714286,1,,0
ks58,4,14,3mnvc,st1.49,17,106.25,0,,0
ks58,4,15,3mnvc,st1.49,17.2,97.17514124,0,,0
ks58,4,16,3mnvc,st1.49.vpi,17.6,98.32402235,0,,0
ks58,4,17,3mnvc,st1.49.vpi,18.6,100,1,,0
ks58,4,18,3mnvc,st1.49.vpi,17.5,93.08510638,1,,0
ks58,4,19,3mnvc,st1.75.vpi,17.9,100,0,,0
ks58,4,20,3mnvc,st1.75.vpi,17.4,101.1627907,0,,0
ks58,4,21,3mnvc,st1.75.vpi,20.4,106.8062827,0,,0
ks58,4,22,3mnvc,vpi,14.8,82.68156425,1,,0
ks58,4,23,3mnvc,vpi,14.2,79.32960894,1,,0
ks58,4,24,3mnvc,vpi,15.5,86.59217877,1,,0
ks58,4,25,3mnvc,ui,20,107.5268817,0,,0
ks58,5,1,3mnvc,st1.19,17.2,95.02762431,0,,0
ks58,5,2,3mnvc,st1.19,16.1,99.38271605,0,,0
ks58,5,3,3mnvc,st1.19,17.4,97.20670391,1,,0
ks58,5,4,3mnvc,st1.19.vpi,18.1,96.27659574,0,,0
ks58,5,5,3mnvc,st1.19.vpi,15.6,83.87096774,1,,0
ks58,5,6,3mnvc,st1.19.vpi,17.7,88.5,1,,0
ks58,5,7,3mnvc,st1.25,15.9,98.14814815,1,,0
ks58,5,8,3mnvc,st1.25,18.4,92.46231156,1,,0
ks58,5,9,3mnvc,st1.25,17.7,96.72131148,1,,0
ks58,5,10,3mnvc,st1.25.vpi,18.1,96.79144385,1,,0
ks58,5,11,3mnvc,st1.25.vpi,17.3,97.74011299,0,,0
ks58,5,12,3mnvc,st1.25.vpi,16.1,94.15204678,0,,0
ks58,5,13,3mnvc,st1.49,16,91.42857143,0,,0
ks58,5,14,3mnvc,st1.49,16,100,1,,0
ks58,5,15,3mnvc,st1.49,17.5,98.8700565,0,,0
ks58,5,16,3mnvc,st1.49.vpi,17.7,98.88268156,0,,0
ks58,5,17,3mnvc,st1.49.vpi,18.3,98.38709677,1,,0
ks58,5,18,3mnvc,st1.49.vpi,17.9,95.21276596,0,,0
ks58,5,19,3mnvc,st1.75.vpi,18.3,102.2346369,0,,0
ks58,5,20,3mnvc,st1.75.vpi,16.6,96.51162791,0,,0
ks58,5,21,3mnvc,st1.75.vpi,18.5,96.85863874,1,,0
ks58,5,22,3mnvc,vpi,14.6,81.56424581,1,,0
ks58,5,23,3mnvc,vpi,14.6,81.56424581,0,,0
ks58,5,24,3mnvc,vpi,13.5,75.41899441,1,,0
ks58,5,25,3mnvc,ui,19.8,106.4516129,0,,0
ks58,6,1,3mnvc,st1.19,17.7,97.79005525,0,10389610.39,0
ks58,6,2,3mnvc,st1.19,16.8,103.7037037,0,57500000,0
ks58,6,3,3mnvc,st1.19,18.4,102.7932961,1,250000000,0
ks58,6,4,3mnvc,st1.19.vpi,17.4,92.55319149,1,10000000,0
ks58,6,5,3mnvc,st1.19.vpi,15,80.64516129,1,50724637.68,0
ks58,6,6,3mnvc,st1.19.vpi,18.1,90.5,0,51666666.67,0
ks58,6,7,3mnvc,st1.25,16,98.7654321,0,309523809.5,0
ks58,6,8,3mnvc,st1.25,19.4,97.48743719,0,69736842.11,0
ks58,6,9,3mnvc,st1.25,18.3,100,0,35256410.26,0
ks58,6,10,3mnvc,st1.25.vpi,18.5,98.93048128,0,102564102.6,0
ks58,6,11,3mnvc,st1.25.vpi,17.6,99.43502825,0,25000000,0
ks58,6,12,3mnvc,st1.25.vpi,16.6,97.07602339,0,33333333.33,0
ks58,6,13,3mnvc,st1.49,16.5,94.28571429,1,157142857.1,0
ks58,6,14,3mnvc,st1.49,16.2,101.25,1,71428571.43,0
ks58,6,15,3mnvc,st1.49,17.2,97.17514124,0,22058823.53,0
ks58,6,16,3mnvc,st1.49.vpi,18.1,101.1173184,0,30208333.33,0
ks58,6,17,3mnvc,st1.49.vpi,18.3,98.38709677,0,50961538.46,0
ks58,6,18,3mnvc,st1.49.vpi,18.2,96.80851064,0,16428571.43,0
ks58,6,19,3mnvc,st1.75.vpi,17.8,99.44134078,0,142857142.9,0
ks58,6,20,3mnvc,st1.75.vpi,16.9,98.25581395,0,41666666.67,0
ks58,6,21,3mnvc,st1.75.vpi,18.3,95.81151832,1,170731707.3,0
ks58,6,22,3mnvc,vpi,15.6,87.15083799,0,70175438.6,0
ks58,6,23,3mnvc,vpi,15.5,86.59217877,0,133333333.3,0
ks58,6,24,3mnvc,vpi,,,,,1
ks58,6,25,3mnvc,ui,20,107.5268817,0,0,0
ks58,7,1,3mnvc,st1.19,18.6,102.7624309,0,,0
ks58,7,2,3mnvc,st1.19,16.6,102.4691358,0,,0
ks58,7,3,3mnvc,st1.19,17.2,96.08938547,1,,0
ks58,7,4,3mnvc,st1.19.vpi,17.3,92.0212766,1,,0
ks58,7,5,3mnvc,st1.19.vpi,15.5,83.33333333,1,,0
ks58,7,6,3mnvc,st1.19.vpi,17.8,89,1,,0
ks58,7,7,3mnvc,st1.25,16.3,100.617284,0,,0
ks58,7,8,3mnvc,st1.25,19.3,96.98492462,1,,0
ks58,7,9,3mnvc,st1.25,19.1,104.3715847,0,,0
ks58,7,10,3mnvc,st1.25.vpi,18.9,101.0695187,0,,0
ks58,7,11,3mnvc,st1.25.vpi,17.8,100.5649718,0,,0
ks58,7,12,3mnvc,st1.25.vpi,17.2,100.5847953,0,,0
ks58,7,13,3mnvc,st1.49,16.6,94.85714286,1,,0
ks58,7,14,3mnvc,st1.49,16.2,101.25,1,,0
ks58,7,15,3mnvc,st1.49,17.8,100.5649718,0,,0
ks58,7,16,3mnvc,st1.49.vpi,18.1,101.1173184,0,,0
ks58,7,17,3mnvc,st1.49.vpi,18.2,97.84946237,0,,0
ks58,7,18,3mnvc,st1.49.vpi,18.9,100.5319149,0,,0
ks58,7,19,3mnvc,st1.75.vpi,18.6,103.9106145,0,,0
ks58,7,20,3mnvc,st1.75.vpi,16.9,98.25581395,0,,0
ks58,7,21,3mnvc,st1.75.vpi,19.3,101.0471204,0,,0
ks58,7,22,3mnvc,vpi,17.1,95.53072626,1,,0
ks58,7,23,3mnvc,vpi,16.1,89.94413408,1,,0
ks58,7,25,3mnvc,ui,20.3,109.1397849,0,,0
ks59,0,1,3mnvc,st1.20,17.6,100,0,0,0
ks59,0,2,3mnvc,st1.20,19.6,100,0,0,0
ks59,0,3,3mnvc,st1.20,17.2,100,0,0,0
ks59,0,4,3mnvc,st1.20.vpi,18.6,100,0,0,0
ks59,0,5,3mnvc,st1.20.vpi,18.7,100,0,0,0
ks59,0,6,3mnvc,st1.20.vpi,18.2,100,0,0,0
ks59,0,7,3mnvc,st1.23,19.1,100,0,0,0
ks59,0,8,3mnvc,st1.23,18.5,100,0,0,0
ks59,0,9,3mnvc,st1.23,20.2,100,0,0,0
ks59,0,10,3mnvc,st1.23.vpi,18.4,100,0,0,0
ks59,0,11,3mnvc,st1.23.vpi,18.2,100,0,0,0
ks59,0,12,3mnvc,st1.23.vpi,19.8,100,0,0,0
ks59,0,13,3mnvc,st1.27,18.6,100,0,0,0
ks59,0,14,3mnvc,st1.27,18.5,100,0,0,0
ks59,0,15,3mnvc,st1.27,17.3,100,0,0,0
ks59,0,16,3mnvc,st1.27.vpi,16.4,100,0,0,0
ks59,0,17,3mnvc,st1.27.vpi,17.5,100,0,0,0
ks59,0,18,3mnvc,st1.27.vpi,19.3,100,0,0,0
ks59,0,19,3mnvc,st1.75.vpi,18.2,100,0,0,0
ks59,0,20,3mnvc,st1.75.vpi,17.6,100,0,0,0
ks59,0,21,3mnvc,st1.75.vpi,17.1,100,0,0,0
ks59,0,22,3mnvc,vpi,19.2,100,0,0,0
ks59,0,23,3mnvc,vpi,17,100,0,0,0
ks59,0,24,3mnvc,vpi,18.8,100,0,0,0
ks59,0,25,3mnvc,ui,17.7,100,0,0,0
ks59,1,1,3mnvc,st1.20,17.3,98.29545455,0,,0
ks59,1,2,3mnvc,st1.20,20.1,102.5510204,0,,0
ks59,1,3,3mnvc,st1.20,17.4,101.1627907,0,,0
ks59,1,4,3mnvc,st1.20.vpi,19.3,103.7634409,0,,0
ks59,1,5,3mnvc,st1.20.vpi,18.6,99.46524064,0,,0
ks59,1,6,3mnvc,st1.20.vpi,19,104.3956044,0,,0
ks59,1,7,3mnvc,st1.23,18.8,98.42931937,0,,0
ks59,1,8,3mnvc,st1.23,19.2,103.7837838,0,,0
ks59,1,9,3mnvc,st1.23,21.1,104.4554455,0,,0
ks59,1,10,3mnvc,st1.23.vpi,18.1,98.36956522,0,,0
ks59,1,11,3mnvc,st1.23.vpi,18.9,103.8461538,0,,0
ks59,1,12,3mnvc,st1.23.vpi,19.2,96.96969697,0,,0
ks59,1,13,3mnvc,st1.27,18.5,99.46236559,0,,0
ks59,1,14,3mnvc,st1.27,19.2,103.7837838,0,,0
ks59,1,15,3mnvc,st1.27,18.3,105.7803468,0,,0
ks59,1,16,3mnvc,st1.27.vpi,16.3,99.3902439,0,,0
ks59,1,17,3mnvc,st1.27.vpi,17.5,100,0,,0
ks59,1,18,3mnvc,st1.27.vpi,19.3,100,0,,0
ks59,1,19,3mnvc,st1.75.vpi,18.1,99.45054945,0,,0
ks59,1,20,3mnvc,st1.75.vpi,17.8,101.1363636,0,,0
ks59,1,21,3mnvc,st1.75.vpi,17.8,104.0935673,0,,0
ks59,1,22,3mnvc,vpi,19.2,100,0,,0
ks59,1,23,3mnvc,vpi,17.2,101.1764706,0,,0
ks59,1,24,3mnvc,vpi,18.6,98.93617021,0,,0
ks59,1,25,3mnvc,ui,18,101.6949153,0,,0
ks59,2,1,3mnvc,st1.20,17,96.59090909,0,47142857.14,0
ks59,2,2,3mnvc,st1.20,19.6,100,0,45454545.45,0
ks59,2,3,3mnvc,st1.20,16.4,95.34883721,0,85483870.97,0
ks59,2,4,3mnvc,st1.20.vpi,18.9,101.6129032,1,75000000,0
ks59,2,5,3mnvc,st1.20.vpi,18.9,101.0695187,0,130434782.6,0
ks59,2,6,3mnvc,st1.20.vpi,18.4,101.0989011,0,104651162.8,0
ks59,2,7,3mnvc,st1.23,18.4,96.33507853,0,121212121.2,0
ks59,2,8,3mnvc,st1.23,18.8,101.6216216,0,90909090.91,0
ks59,2,9,3mnvc,st1.23,20.7,102.4752475,0,111111111.1,0
ks59,2,10,3mnvc,st1.23.vpi,17.9,97.2826087,1,90000000,0
ks59,2,11,3mnvc,st1.23.vpi,18.4,101.0989011,0,210526315.8,0
ks59,2,12,3mnvc,st1.23.vpi,18.5,93.43434343,0,75000000,0
ks59,2,13,3mnvc,st1.27,17.6,94.62365591,0,46551724.14,0
ks59,2,14,3mnvc,st1.27,17.8,96.21621622,1,255813953.5,0
ks59,2,15,3mnvc,st1.27,17.3,100,0,133333333.3,0
ks59,2,16,3mnvc,st1.27.vpi,15.3,93.29268293,1,397959183.7,0
ks59,2,17,3mnvc,st1.27.vpi,16.9,96.57142857,1,216981132.1,0
ks59,2,18,3mnvc,st1.27.vpi,17.1,88.60103627,1,106410256.4,0
ks59,2,19,3mnvc,st1.75.vpi,18.5,101.6483516,0,113207547.2,0
ks59,2,20,3mnvc,st1.75.vpi,18,102.2727273,0,305555555.6,0
ks59,2,21,3mnvc,st1.75.vpi,17.8,104.0935673,0,80357142.86,0
ks59,2,22,3mnvc,vpi,16.6,86.45833333,1,,0
ks59,2,23,3mnvc,vpi,14.6,85.88235294,1,,0
ks59,2,24,3mnvc,vpi,16.5,87.76595745,1,72580645.16,0
ks59,2,25,3mnvc,ui,18.2,102.8248588,0,0,0
ks59,3,1,3mnvc,st1.20,16.9,96.02272727,1,,0
ks59,3,2,3mnvc,st1.20,19.7,100.5102041,1,,0
ks59,3,3,3mnvc,st1.20,16.4,95.34883721,1,,0
ks59,3,4,3mnvc,st1.20.vpi,17.9,96.23655914,1,,0
ks59,3,5,3mnvc,st1.20.vpi,18.2,97.32620321,1,,0
ks59,3,6,3mnvc,st1.20.vpi,16.9,92.85714286,1,,0
ks59,3,7,3mnvc,st1.23,18.2,95.28795812,1,,0
ks59,3,8,3mnvc,st1.23,18.1,97.83783784,1,,0
ks59,3,9,3mnvc,st1.23,20,99.00990099,1,,0
ks59,3,10,3mnvc,st1.23.vpi,18.1,98.36956522,1,,0
ks59,3,11,3mnvc,st1.23.vpi,16.2,89.01098901,1,,0
ks59,3,12,3mnvc,st1.23.vpi,18.2,91.91919192,1,,0
ks59,3,13,3mnvc,st1.27,18.4,98.92473118,1,,0
ks59,3,14,3mnvc,st1.27,17.9,96.75675676,1,,0
ks59,3,15,3mnvc,st1.27,17.2,99.42196532,1,,0
ks59,3,16,3mnvc,st1.27.vpi,14.8,90.24390244,1,,0
ks59,3,17,3mnvc,st1.27.vpi,17.3,98.85714286,1,,0
ks59,3,18,3mnvc,st1.27.vpi,17.4,90.15544041,1,,0
ks59,3,19,3mnvc,st1.75.vpi,18.9,103.8461538,0,,0
ks59,3,20,3mnvc,st1.75.vpi,18.5,105.1136364,0,,0
ks59,3,21,3mnvc,st1.75.vpi,19.6,114.619883,0,,0
ks59,3,22,3mnvc,vpi,15.3,79.6875,1,,0
ks59,3,23,3mnvc,vpi,14.8,87.05882353,0,,0
ks59,3,24,3mnvc,vpi,17,90.42553191,1,,0
ks59,3,25,3mnvc,ui,18.3,103.3898305,0,,0
ks59,4,1,3mnvc,st1.20,17,96.59090909,1,,0
ks59,4,2,3mnvc,st1.20,19.4,98.97959184,0,,0
ks59,4,3,3mnvc,st1.20,17.2,100,0,,0
ks59,4,4,3mnvc,st1.20.vpi,17.9,96.23655914,1,,0
ks59,4,5,3mnvc,st1.20.vpi,18.4,98.39572193,1,,0
ks59,4,6,3mnvc,st1.20.vpi,17.5,96.15384615,1,,0
ks59,4,7,3mnvc,st1.23,18.8,98.42931937,0,,0
ks59,4,8,3mnvc,st1.23,18.3,98.91891892,1,,0
ks59,4,9,3mnvc,st1.23,20.4,100.990099,0,,0
ks59,4,10,3mnvc,st1.23.vpi,17.9,97.2826087,0,,0
ks59,4,11,3mnvc,st1.23.vpi,17.6,96.7032967,0,,0
ks59,4,12,3mnvc,st1.23.vpi,18.9,95.45454545,1,,0
ks59,4,13,3mnvc,st1.27,17.4,93.5483871,1,,0
ks59,4,14,3mnvc,st1.27,16.6,89.72972973,1,,0
ks59,4,15,3mnvc,st1.27,17.7,102.3121387,1,,0
ks59,4,16,3mnvc,st1.27.vpi,14.8,90.24390244,1,,0
ks59,4,17,3mnvc,st1.27.vpi,17.3,98.85714286,1,,0
ks59,4,18,3mnvc,st1.27.vpi,17.8,92.22797927,1,,0
ks59,4,19,3mnvc,st1.75.vpi,19.3,106.043956,0,,0
ks59,4,20,3mnvc,st1.75.vpi,18.6,105.6818182,0,,0
ks59,4,21,3mnvc,st1.75.vpi,19.6,114.619883,0,,0
ks59,4,22,3mnvc,vpi,,,,,1
ks59,4,23,3mnvc,vpi,15.2,89.41176471,1,,0
ks59,4,24,3mnvc,vpi,17.1,90.95744681,1,,0
ks59,4,25,3mnvc,ui,17.9,101.1299435,0,,0
ks59,5,1,3mnvc,st1.20,17,96.59090909,1,,0
ks59,5,2,3mnvc,st1.20,19.4,98.97959184,0,,0
ks59,5,3,3mnvc,st1.20,16.9,98.25581395,1,,0
ks59,5,4,3mnvc,st1.20.vpi,18.6,100,1,,0
ks59,5,5,3mnvc,st1.20.vpi,18,96.25668449,1,,0
ks59,5,6,3mnvc,st1.20.vpi,17.8,97.8021978,1,,0
ks59,5,7,3mnvc,st1.23,19.1,100,0,,0
ks59,5,8,3mnvc,st1.23,17.6,95.13513514,1,,0
ks59,5,9,3mnvc,st1.23,19.8,98.01980198,0,,0
ks59,5,10,3mnvc,st1.23.vpi,18.4,100,0,,0
ks59,5,11,3mnvc,st1.23.vpi,17.8,97.8021978,0,,0
ks59,5,12,3mnvc,st1.23.vpi,18.3,92.42424242,1,,0
ks59,5,13,3mnvc,st1.27,17.8,95.69892473,1,,0
ks59,5,14,3mnvc,st1.27,17.6,95.13513514,1,,0
ks59,5,15,3mnvc,st1.27,17.6,101.734104,0,,0
ks59,5,16,3mnvc,st1.27.vpi,15.2,92.68292683,0,,0
ks59,5,17,3mnvc,st1.27.vpi,18.2,104,0,,0
ks59,5,18,3mnvc,st1.27.vpi,18.7,96.89119171,0,,0
ks59,5,19,3mnvc,st1.75.vpi,19.5,107.1428571,0,,0
ks59,5,20,3mnvc,st1.75.vpi,18.5,105.1136364,0,,0
ks59,5,21,3mnvc,st1.75.vpi,18.6,108.7719298,1,,0
ks59,5,23,3mnvc,vpi,16.2,95.29411765,1,,0
ks59,5,24,3mnvc,vpi,16.6,88.29787234,1,,0
ks59,5,25,3mnvc,ui,17.9,101.1299435,0,,0
ks59,6,1,3mnvc,st1.20,17.1,97.15909091,1,,0
ks59,6,2,3mnvc,st1.20,19.1,97.44897959,0,,0
ks59,6,3,3mnvc,st1.20,16.9,98.25581395,1,,0
ks59,6,4,3mnvc,st1.20.vpi,18.7,100.5376344,0,,0
ks59,6,5,3mnvc,st1.20.vpi,17.7,94.65240642,0,,0
ks59,6,6,3mnvc,st1.20.vpi,17.3,95.05494505,1,,0
ks59,6,7,3mnvc,st1.23,19,99.47643979,0,,0
ks59,6,8,3mnvc,st1.23,18.2,98.37837838,0,,0
ks59,6,9,3mnvc,st1.23,20.1,99.5049505,0,,0
ks59,6,10,3mnvc,st1.23.vpi,18.8,102.173913,0,,0
ks59,6,11,3mnvc,st1.23.vpi,18.2,100,0,,0
ks59,6,12,3mnvc,st1.23.vpi,18.6,93.93939394,0,,0
ks59,6,13,3mnvc,st1.27,18,96.77419355,0,,0
ks59,6,14,3mnvc,st1.27,18.6,100.5405405,0,,0
ks59,6,15,3mnvc,st1.27,17.4,100.5780347,0,,0
ks59,6,16,3mnvc,st1.27.vpi,16.1,98.17073171,0,,0
ks59,6,17,3mnvc,st1.27.vpi,18.5,105.7142857,0,,0
ks59,6,18,3mnvc,st1.27.vpi,19.2,99.48186528,0,,0
ks59,6,19,3mnvc,st1.75.vpi,18.8,103.2967033,1,,0
ks59,6,20,3mnvc,st1.75.vpi,18.5,105.1136364,0,,0
ks59,6,21,3mnvc,st1.75.vpi,18.3,107.0175439,0,,0
ks59,6,23,3mnvc,vpi,15.9,93.52941176,1,,0
ks59,6,24,3mnvc,vpi,16.1,85.63829787,1,,0
ks59,6,25,3mnvc,ui,18.2,102.8248588,0,,0
ks59,7,1,3mnvc,st1.20,17,96.59090909,0,59677419.35,0
ks59,7,2,3mnvc,st1.20,19,96.93877551,0,38000000,0
ks59,7,3,3mnvc,st1.20,16.7,97.09302326,0,148648648.6,0
ks59,7,4,3mnvc,st1.20.vpi,18.8,101.0752688,0,13333333.33,0
ks59,7,5,3mnvc,st1.20.vpi,17.9,95.72192513,0,71428571.43,0
ks59,7,6,3mnvc,st1.20.vpi,17,93.40659341,1,162162162.2,0
ks59,7,7,3mnvc,st1.23,18.3,95.81151832,0,169811320.8,0
ks59,7,8,3mnvc,st1.23,19.3,104.3243243,0,30000000,0
ks59,7,9,3mnvc,st1.23,20.3,100.4950495,0,26315789.47,0
ks59,7,10,3mnvc,st1.23.vpi,18.8,102.173913,0,107142857.1,0
ks59,7,11,3mnvc,st1.23.vpi,18.4,101.0989011,0,14285714.29,0
ks59,7,12,3mnvc,st1.23.vpi,18.8,94.94949495,0,102941176.5,0
ks59,7,13,3mnvc,st1.27,18.1,97.31182796,0,65625000,0
ks59,7,14,3mnvc,st1.27,18.7,101.0810811,0,145833333.3,0
ks59,7,15,3mnvc,st1.27,18,104.0462428,0,81395348.84,0
ks59,7,16,3mnvc,st1.27.vpi,16.3,99.3902439,0,50000000,0
ks59,7,17,3mnvc,st1.27.vpi,18.6,106.2857143,0,154545454.5,0
ks59,7,18,3mnvc,st1.27.vpi,19.1,98.96373057,0,135593220.3,0
ks59,7,19,3mnvc,st1.75.vpi,18.3,100.5494505,0,112068965.5,0
ks59,7,20,3mnvc,st1.75.vpi,18.2,103.4090909,0,96153846.15,0
ks59,7,21,3mnvc,st1.75.vpi,18,105.2631579,0,33333333.33,0
ks59,7,23,3mnvc,vpi,16,94.11764706,0,116666666.7,0
ks59,7,24,3mnvc,vpi,17.5,93.08510638,1,138888888.9,0
ks59,7,25,3mnvc,ui,18.5,104.519774,0,0,0
ks60,0,1,3mnvc,cd196,17,100,0,0,0
ks60,0,2,3mnvc,cd196,17.7,100,0,0,0
ks60,0,3,3mnvc,cd196,16.8,100,0,0,0
ks60,0,4,3mnvc,cd196.vpi,19.9,100,0,0,0
ks60,0,5,3mnvc,cd196.vpi,19.5,100,0,0,0
ks60,0,6,3mnvc,cd196.vpi,20.4,100,0,0,0
ks60,0,7,3mnvc,r20291,20.5,100,0,0,0
ks60,0,8,3mnvc,r20291,19.5,100,0,0,0
ks60,0,9,3mnvc,r20291,19.3,100,0,0,0
ks60,0,10,3mnvc,r20291.vpi,19.1,100,0,0,0
ks60,0,11,3mnvc,r20291.vpi,19.1,100,0,0,0
ks60,0,12,3mnvc,r20291.vpi,18.5,100,0,0,0
ks60,0,13,3mnvc,cd196.st1.75,19,100,0,0,0
ks60,0,14,3mnvc,cd196.st1.75,17.5,100,0,0,0
ks60,0,15,3mnvc,cd196.st1.75,17.6,100,0,0,0
ks60,0,16,3mnvc,r20291.st1.75,18,100,0,0,0
ks60,0,17,3mnvc,r20291.st1.75,19.1,100,0,0,0
ks60,0,18,3mnvc,r20291.st1.75,18.7,100,0,0,0
ks60,0,19,3mnvc,st1.2,18.5,100,0,0,0
ks60,0,20,3mnvc,st1.2,18.5,100,0,0,0
ks60,0,21,3mnvc,st1.2.st1.75,18.7,100,0,0,0
ks60,0,22,3mnvc,st1.2.st1.75,19,100,0,0,0
ks60,0,23,3mnvc,st1.75.vpi,18.6,100,0,0,0
ks60,0,24,3mnvc,st1.75.vpi,19,100,0,0,0
ks60,0,25,3mnvc,st1.75.vpi,17.8,100,0,0,0
ks60,0,26,3mnvc,vpi,17.4,100,0,0,0
ks60,0,27,3mnvc,vpi,18.4,100,0,0,0
ks60,0,28,3mnvc,vpi,19.2,100,0,0,0
ks60,0,29,3mnvc,ui,18.7,100,0,0,0
ks60,0,30,3mnvc,ui,20,100,0,0,0
ks60,1,1,3mnvc,cd196,16.3,95.88235294,1,,0
ks60,1,2,3mnvc,cd196,15.8,89.26553672,1,,0
ks60,1,3,3mnvc,cd196,15.4,91.66666667,1,,0
ks60,1,4,3mnvc,cd196.vpi,19.4,97.48743719,1,,0
ks60,1,5,3mnvc,cd196.vpi,18.7,95.8974359,1,,0
ks60,1,6,3mnvc,cd196.vpi,20.4,100,1,,0
ks60,1,7,3mnvc,r20291,20.7,100.9756098,0,,0
ks60,1,8,3mnvc,r20291,17.6,90.25641026,1,,0
ks60,1,9,3mnvc,r20291,17.5,90.67357513,1,,0
ks60,1,10,3mnvc,r20291.vpi,20.1,105.2356021,0,,0
ks60,1,11,3mnvc,r20291.vpi,18.3,95.81151832,1,,0
ks60,1,12,3mnvc,r20291.vpi,18.1,97.83783784,0,,0
ks60,1,13,3mnvc,cd196.st1.75,17,89.47368421,1,,0
ks60,1,14,3mnvc,cd196.st1.75,18.2,104,0,,0
ks60,1,15,3mnvc,cd196.st1.75,16.3,92.61363636,1,,0
ks60,1,16,3mnvc,r20291.st1.75,16.5,91.66666667,1,,0
ks60,1,17,3mnvc,r20291.st1.75,18.9,98.95287958,1,,0
ks60,1,18,3mnvc,r20291.st1.75,17.8,95.18716578,1,,0
ks60,1,19,3mnvc,st1.2,16.9,91.35135135,1,,0
ks60,1,20,3mnvc,st1.2,18.3,98.91891892,1,,0
ks60,1,21,3mnvc,st1.2.st1.75,18.9,101.0695187,0,,0
ks60,1,22,3mnvc,st1.2.st1.75,18.8,98.94736842,0,,0
ks60,1,23,3mnvc,st1.75.vpi,18.4,98.92473118,0,,0
ks60,1,24,3mnvc,st1.75.vpi,19.4,102.1052632,0,,0
ks60,1,25,3mnvc,st1.75.vpi,18.4,103.3707865,0,,0
ks60,1,26,3mnvc,vpi,17.1,98.27586207,0,,0
ks60,1,27,3mnvc,vpi,18.7,101.6304348,0,,0
ks60,1,28,3mnvc,vpi,19.7,102.6041667,0,,0
ks60,1,29,3mnvc,ui,19.5,104.2780749,0,,0
ks60,1,30,3mnvc,ui,20.3,101.5,0,,0
ks60,2,1,3mnvc,cd196,16,94.11764706,1,,0
ks60,2,2,3mnvc,cd196,16,90.39548023,0,150000000,0
ks60,2,3,3mnvc,cd196,14.9,88.69047619,1,,0
ks60,2,4,3mnvc,cd196.vpi,18.2,91.45728643,1,,0
ks60,2,5,3mnvc,cd196.vpi,16.5,84.61538462,1,,0
ks60,2,6,3mnvc,cd196.vpi,18.5,90.68627451,1,,0
ks60,2,7,3mnvc,r20291,19.8,96.58536585,1,,0
ks60,2,8,3mnvc,r20291,18.1,92.82051282,1,,0
ks60,2,9,3mnvc,r20291,15.3,79.2746114,1,214285714.3,0
ks60,2,10,3mnvc,r20291.vpi,18.6,97.38219895,1,,0
ks60,2,11,3mnvc,r20291.vpi,15.8,82.72251309,1,,0
ks60,2,12,3mnvc,r20291.vpi,17.5,94.59459459,1,101562500,0
ks60,2,13,3mnvc,cd196.st1.75,16.7,87.89473684,1,80645161.29,0
ks60,2,14,3mnvc,cd196.st1.75,17.5,100,0,107142857.1,0
ks60,2,15,3mnvc,cd196.st1.75,15.4,87.5,1,144736842.1,0
ks60,2,16,3mnvc,r20291.st1.75,15.5,86.11111111,1,129032258.1,0
ks60,2,17,3mnvc,r20291.st1.75,17.2,90.05235602,1,,0
ks60,2,18,3mnvc,r20291.st1.75,16.6,88.77005348,1,,0
ks60,2,19,3mnvc,st1.2,15.4,83.24324324,1,,0
ks60,2,20,3mnvc,st1.2,16.3,88.10810811,1,,0
ks60,2,21,3mnvc,st1.2.st1.75,18.4,98.39572193,1,45689655.17,0
ks60,2,22,3mnvc,st1.2.st1.75,17.9,94.21052632,1,,0
ks60,2,23,3mnvc,st1.75.vpi,18.4,98.92473118,1,112903225.8,0
ks60,2,24,3mnvc,st1.75.vpi,20,105.2631579,0,79545454.55,0
ks60,2,25,3mnvc,st1.75.vpi,18.6,104.494382,0,185185185.2,0
ks60,2,26,3mnvc,vpi,14.7,84.48275862,1,0,0
ks60,2,27,3mnvc,vpi,16,86.95652174,1,,0
ks60,2,28,3mnvc,vpi,16.9,88.02083333,1,,0
ks60,2,29,3mnvc,ui,18.8,100.5347594,0,0,0
ks60,2,30,3mnvc,ui,20.1,100.5,0,0,0
ks60,3,1,3mnvc,cd196,17,100,1,,0
ks60,3,2,3mnvc,cd196,16,90.39548023,1,,0
ks60,3,3,3mnvc,cd196,14.8,88.0952381,1,,0
ks60,3,4,3mnvc,cd196.vpi,16.2,81.40703518,1,,0
ks60,3,5,3mnvc,cd196.vpi,,,,,1
ks60,3,6,3mnvc,cd196.vpi,18.1,88.7254902,1,,0
ks60,3,7,3mnvc,r20291,16.6,80.97560976,1,,0
ks60,3,8,3mnvc,r20291,17.5,89.74358974,1,,0
ks60,3,9,3mnvc,r20291,14.6,75.64766839,1,,0
ks60,3,10,3mnvc,r20291.vpi,18.4,96.33507853,1,,0
ks60,3,11,3mnvc,r20291.vpi,15.1,79.05759162,1,,0
ks60,3,12,3mnvc,r20291.vpi,15.6,84.32432432,1,,0
ks60,3,13,3mnvc,cd196.st1.75,17.3,91.05263158,1,,0
ks60,3,14,3mnvc,cd196.st1.75,17.1,97.71428571,1,,0
ks60,3,15,3mnvc,cd196.st1.75,17.5,99.43181818,0,,0
ks60,3,16,3mnvc,r20291.st1.75,17.2,95.55555556,0,,0
ks60,3,17,3mnvc,r20291.st1.75,19.9,104.1884817,0,,0
ks60,3,18,3mnvc,r20291.st1.75,18.5,98.93048128,0,,0
ks60,3,19,3mnvc,st1.2,16.2,87.56756757,1,,0
ks60,3,20,3mnvc,st1.2,15.8,85.40540541,1,,0
ks60,3,21,3mnvc,st1.2.st1.75,17.8,95.18716578,0,,0
ks60,3,22,3mnvc,st1.2.st1.75,16.8,88.42105263,1,,0
ks60,3,23,3mnvc,st1.75.vpi,18,96.77419355,1,,0
ks60,3,24,3mnvc,st1.75.vpi,20.5,107.8947368,0,,0
ks60,3,25,3mnvc,st1.75.vpi,18.4,103.3707865,0,,0
ks60,3,26,3mnvc,vpi,15.5,89.08045977,1,,0
ks60,3,27,3mnvc,vpi,16.3,88.58695652,0,,0
ks60,3,28,3mnvc,vpi,17,88.54166667,1,,0
ks60,3,29,3mnvc,ui,19.1,102.1390374,0,,0
ks60,3,30,3mnvc,ui,20.3,101.5,0,,0
ks60,4,1,3mnvc,cd196,15.7,92.35294118,1,,0
ks60,4,2,3mnvc,cd196,16.7,94.35028249,1,,0
ks60,4,3,3mnvc,cd196,14,83.33333333,1,,0
ks60,4,4,3mnvc,cd196.vpi,15.6,78.3919598,1,,0
ks60,4,6,3mnvc,cd196.vpi,18.1,88.7254902,1,,0
ks60,4,7,3mnvc,r20291,16.1,78.53658537,1,,0
ks60,4,8,3mnvc,r20291,17.4,89.23076923,1,,0
ks60,4,9,3mnvc,r20291,14,72.5388601,1,,0
ks60,4,10,3mnvc,r20291.vpi,18.5,96.85863874,1,,0
ks60,4,11,3mnvc,r20291.vpi,,,,,1
ks60,4,12,3mnvc,r20291.vpi,15,81.08108108,1,,0
ks60,4,13,3mnvc,cd196.st1.75,18.8,98.94736842,0,,0
ks60,4,14,3mnvc,cd196.st1.75,17,97.14285714,1,,0
ks60,4,15,3mnvc,cd196.st1.75,17.5,99.43181818,1,,0
ks60,4,16,3mnvc,r20291.st1.75,18.3,101.6666667,0,,0
ks60,4,17,3mnvc,r20291.st1.75,20,104.7120419,1,,0
ks60,4,18,3mnvc,r20291.st1.75,18.9,101.0695187,0,,0
ks60,4,19,3mnvc,st1.2,18.1,97.83783784,1,,0
ks60,4,20,3mnvc,st1.2,14.5,78.37837838,1,,0
ks60,4,21,3mnvc,st1.2.st1.75,16.4,87.70053476,1,,0
ks60,4,22,3mnvc,st1.2.st1.75,15.9,83.68421053,1,,0
ks60,4,23,3mnvc,st1.75.vpi,18.3,98.38709677,0,,0
ks60,4,24,3mnvc,st1.75.vpi,20.2,106.3157895,0,,0
ks60,4,25,3mnvc,st1.75.vpi,18.8,105.6179775,0,,0
ks60,4,26,3mnvc,vpi,16.1,92.52873563,1,,0
ks60,4,27,3mnvc,vpi,16,86.95652174,1,,0
ks60,4,28,3mnvc,vpi,17.5,91.14583333,1,,0
ks60,4,29,3mnvc,ui,19.2,102.6737968,0,,0
ks60,4,30,3mnvc,ui,20.6,103,0,,0
ks60,5,1,3mnvc,cd196,16.2,95.29411765,0,,0
ks60,5,2,3mnvc,cd196,16.6,93.78531073,1,,0
ks60,5,3,3mnvc,cd196,14.6,86.9047619,1,,0
ks60,5,4,3mnvc,cd196.vpi,15.9,79.89949749,1,,0
ks60,5,6,3mnvc,cd196.vpi,18.5,90.68627451,0,,0
ks60,5,7,3mnvc,r20291,,,,,1
ks60,5,8,3mnvc,r20291,16.4,84.1025641,1,,0
ks60,5,9,3mnvc,r20291,15.3,79.2746114,1,,0
ks60,5,10,3mnvc,r20291.vpi,17.3,90.57591623,1,,0
ks60,5,12,3mnvc,r20291.vpi,15.4,83.24324324,1,,0
ks60,5,13,3mnvc,cd196.st1.75,18.8,98.94736842,0,,0
ks60,5,14,3mnvc,cd196.st1.75,16.2,92.57142857,1,,0
ks60,5,15,3mnvc,cd196.st1.75,17.4,98.86363636,1,,0
ks60,5,16,3mnvc,r20291.st1.75,18.2,101.1111111,1,,0
ks60,5,17,3mnvc,r20291.st1.75,19.9,104.1884817,0,,0
ks60,5,18,3mnvc,r20291.st1.75,18.8,100.5347594,0,,0
ks60,5,19,3mnvc,st1.2,16.8,90.81081081,1,,0
ks60,5,20,3mnvc,st1.2,14.6,78.91891892,1,,0
ks60,5,21,3mnvc,st1.2.st1.75,16.5,88.23529412,1,,0
ks60,5,22,3mnvc,st1.2.st1.75,15.2,80,1,,0
ks60,5,23,3mnvc,st1.75.vpi,17.8,95.69892473,1,,0
ks60,5,24,3mnvc,st1.75.vpi,17.9,94.21052632,1,,0
ks60,5,25,3mnvc,st1.75.vpi,18,101.1235955,0,,0
ks60,5,26,3mnvc,vpi,16.2,93.10344828,1,,0
ks60,5,27,3mnvc,vpi,16.8,91.30434783,1,,0
ks60,5,28,3mnvc,vpi,17.6,91.66666667,1,,0
ks60,5,29,3mnvc,ui,19.6,104.8128342,0,,0
ks60,5,30,3mnvc,ui,20,100,0,,0
ks60,6,1,3mnvc,cd196,17.2,101.1764706,1,,0
ks60,6,2,3mnvc,cd196,17.2,97.17514124,1,,0
ks60,6,3,3mnvc,cd196,15.2,90.47619048,1,,0
ks60,6,4,3mnvc,cd196.vpi,17.3,86.93467337,1,,0
ks60,6,6,3mnvc,cd196.vpi,18.8,92.15686275,1,,0
ks60,6,8,3mnvc,r20291,17.6,90.25641026,1,,0
ks60,6,9,3mnvc,r20291,15.3,79.2746114,1,,0
ks60,6,10,3mnvc,r20291.vpi,18.2,95.28795812,0,,0
ks60,6,12,3mnvc,r20291.vpi,16.1,87.02702703,1,,0
ks60,6,13,3mnvc,cd196.st1.75,18.9,99.47368421,0,,0
ks60,6,14,3mnvc,cd196.st1.75,16.3,93.14285714,0,,0
ks60,6,15,3mnvc,cd196.st1.75,17.4,98.86363636,0,,0
ks60,6,16,3mnvc,r20291.st1.75,17.9,99.44444444,0,,0
ks60,6,17,3mnvc,r20291.st1.75,19.6,102.617801,0,,0
ks60,6,18,3mnvc,r20291.st1.75,19,101.6042781,0,,0
ks60,6,19,3mnvc,st1.2,16.2,87.56756757,1,,0
ks60,6,20,3mnvc,st1.2,15.4,83.24324324,1,,0
ks60,6,21,3mnvc,st1.2.st1.75,17.2,91.97860963,0,,0
ks60,6,22,3mnvc,st1.2.st1.75,16.5,86.84210526,1,,0
ks60,6,23,3mnvc,st1.75.vpi,18,96.77419355,0,,0
ks60,6,24,3mnvc,st1.75.vpi,18.2,95.78947368,0,,0
ks60,6,25,3mnvc,st1.75.vpi,18.4,103.3707865,0,,0
ks60,6,26,3mnvc,vpi,16.8,96.55172414,1,,0
ks60,6,27,3mnvc,vpi,16.4,89.13043478,1,,0
ks60,6,28,3mnvc,vpi,18,93.75,1,,0
ks60,6,29,3mnvc,ui,20.1,107.486631,0,,0
ks60,6,30,3mnvc,ui,20.1,100.5,0,,0
ks60,7,1,3mnvc,cd196,17.2,101.1764706,1,142857142.9,0
ks60,7,2,3mnvc,cd196,17.2,97.17514124,1,66176470.59,0
ks60,7,3,3mnvc,cd196,16.2,96.42857143,1,,0
ks60,7,4,3mnvc,cd196.vpi,17.3,86.93467337,1,73500000,0
ks60,7,6,3mnvc,cd196.vpi,19.7,96.56862745,0,43421052.63,0
ks60,7,8,3mnvc,r20291,18.9,96.92307692,0,294642857.1,0
ks60,7,9,3mnvc,r20291,15.5,80.31088083,1,,0
ks60,7,10,3mnvc,r20291.vpi,19.4,101.5706806,0,127906976.7,0
ks60,7,12,3mnvc,r20291.vpi,16.9,91.35135135,1,49382716.05,0
ks60,7,13,3mnvc,cd196.st1.75,19.5,102.6315789,0,76086956.52,0
ks60,7,14,3mnvc,cd196.st1.75,16.7,95.42857143,0,90000000,0
ks60,7,15,3mnvc,cd196.st1.75,17.7,100.5681818,0,102040816.3,0
ks60,7,16,3mnvc,r20291.st1.75,17.4,96.66666667,0,160377358.5,0
ks60,7,17,3mnvc,r20291.st1.75,19.9,104.1884817,0,132352941.2,0
ks60,7,18,3mnvc,r20291.st1.75,19.2,102.6737968,0,909090909.1,0
ks60,7,19,3mnvc,st1.2,16.3,88.10810811,1,232142857.1,0
ks60,7,20,3mnvc,st1.2,15.9,85.94594595,1,,0
ks60,7,21,3mnvc,st1.2.st1.75,18,96.25668449,0,111111111.1,0
ks60,7,22,3mnvc,st1.2.st1.75,17.2,90.52631579,1,175675675.7,0
ks60,7,23,3mnvc,st1.75.vpi,18.2,97.84946237,0,68965517.24,0
ks60,7,24,3mnvc,st1.75.vpi,19.5,102.6315789,0,85714285.71,0
ks60,7,25,3mnvc,st1.75.vpi,18.5,103.9325843,0,43548387.1,0
ks60,7,26,3mnvc,vpi,17.3,99.42528736,0,71428571.43,0
ks60,7,27,3mnvc,vpi,16.9,91.84782609,1,33870967.74,0
ks60,7,28,3mnvc,vpi,18.7,97.39583333,1,41875000,0
ks60,7,29,3mnvc,ui,20.6,110.1604278,0,0,0
ks60,7,30,3mnvc,ui,19.8,99,0,0,0
ks65,0,1,3mnvc,st1.75,18.1,100,0,,0
ks65,0,2,3mnvc,vpi,19.9,100,0,,0
ks65,0,3,3mnvc,st1.75.vpi,18.7,100,0,,0
ks65,0,4,3mnvc,st1.75.vpi,16.6,100,0,,0
ks65,0,5,3mnvc,st1.75.vpi,21,100,0,,0
ks65,2,1,3mnvc,st1.75,19,104.9723757,0,,0
ks65,2,2,3mnvc,vpi,15.9,79.89949749,1,,0
ks65,2,3,3mnvc,st1.75.vpi,17.4,93.04812834,1,,0
ks65,2,4,3mnvc,st1.75.vpi,14.1,84.93975904,1,,0
ks65,2,5,3mnvc,st1.75.vpi,19.7,93.80952381,0,,0
ks65,3,1,3mnvc,st1.75,19.7,108.839779,0,,0
ks65,3,2,3mnvc,vpi,14.9,74.87437186,1,,0
ks65,3,3,3mnvc,st1.75.vpi,18.6,99.46524064,0,,0
ks65,3,4,3mnvc,st1.75.vpi,15.2,91.56626506,0,,0
ks65,3,5,3mnvc,st1.75.vpi,20.7,98.57142857,0,,0